po_id,vendor_id,item,qty,unit_price,po_date
PO100000,V0008,BEARING-SET,31,42.5,2025-02-27
PO100001,V0050,PALLET-WRAP,33,18.75,2025-03-17
PO100002,V0007,SENSOR-PROX,33,95.0,2025-01-29
PO100003,V0040,STEEL-COIL,34,1250.0,2025-02-08
PO100004,V0030,STEEL-COIL,4,1250.0,2025-03-03
PO100005,V0055,MOTOR-3PH,28,640.0,2025-03-29
PO100006,V0007,SENSOR-PROX,29,95.0,2025-01-10
PO100007,V0058,BEARING-SET,21,42.5,2025-03-19
PO100009,V0041,LUBRICANT-DRUM,36,220.0,2025-04-02
PO100010,V0021,MOTOR-3PH,39,640.0,2025-03-09
PO100011,V0019,SENSOR-PROX,33,95.0,2025-03-19
PO100012,V0028,BEARING-SET,8,42.5,2025-04-20
PO100013,V0042,GEARBOX,14,2100.0,2025-02-25
PO100014,V0057,CONVEYOR-BELT,27,310.0,2025-02-13
PO100015,V0053,SENSOR-PROX,26,95.0,2025-02-23
PO100016,V0047,BEARING-SET,21,42.5,2025-02-24
PO100017,V0021,CONTROL-PANEL,24,1520.0,2025-01-20
PO100018,V0044,SENSOR-PROX,5,95.0,2025-01-12
PO100019,V0054,BEARING-SET,6,42.5,2025-02-25
PO100020,V0007,PALLET-WRAP,9,18.75,2025-03-13
PO100021,V0004,LUBRICANT-DRUM,36,220.0,2025-03-13
PO100022,V0022,BEARING-SET,27,42.5,2025-02-15
PO100023,V0056,MOTOR-3PH,4,640.0,2025-02-06
PO100024,V0039,CONTROL-PANEL,23,1520.0,2025-01-14
PO100025,V0014,HYDRAULIC-PUMP,31,880.0,2025-01-29
PO100026,V0055,BEARING-SET,23,42.5,2025-04-19
PO100027,V0036,PALLET-WRAP,8,18.75,2025-04-08
PO100028,V0018,LUBRICANT-DRUM,15,220.0,2025-04-14
PO100029,V0055,GEARBOX,40,2100.0,2025-03-20
PO100030,V0044,GEARBOX,2,2100.0,2025-03-19
PO100031,V0060,CONTROL-PANEL,2,1520.0,2025-01-24
PO100032,V0018,CONTROL-PANEL,22,1520.0,2025-02-14
PO100033,V0001,HYDRAULIC-PUMP,10,880.0,2025-03-14
PO100034,V0043,MOTOR-3PH,5,640.0,2025-01-19
PO100035,V0048,STEEL-COIL,6,1250.0,2025-04-06
PO100038,V0050,LUBRICANT-DRUM,39,220.0,2025-01-11
PO100039,V0057,STEEL-COIL,10,1250.0,2025-01-21
PO100040,V0049,LUBRICANT-DRUM,4,220.0,2025-03-28
PO100041,V0006,CONTROL-PANEL,29,1520.0,2025-03-26
PO100042,V0028,SENSOR-PROX,39,95.0,2025-02-26
PO100043,V0027,CONTROL-PANEL,14,1520.0,2025-04-07
PO100044,V0033,BEARING-SET,23,42.5,2025-02-25
PO100046,V0043,CONTROL-PANEL,3,1520.0,2025-01-29
PO100047,V0026,LUBRICANT-DRUM,4,220.0,2025-01-01
PO100048,V0014,CONTROL-PANEL,14,1520.0,2025-04-09
PO100051,V0025,GEARBOX,15,2100.0,2025-03-06
PO100052,V0036,PALLET-WRAP,5,18.75,2025-02-20
PO100053,V0056,STEEL-COIL,28,1250.0,2025-01-03
PO100054,V0030,BEARING-SET,21,42.5,2025-03-15
PO100055,V0028,LUBRICANT-DRUM,26,220.0,2025-04-01
PO100056,V0041,MOTOR-3PH,19,640.0,2025-01-15
PO100057,V0026,STEEL-COIL,21,1250.0,2025-01-22
PO100058,V0052,LUBRICANT-DRUM,30,220.0,2025-04-17
PO100059,V0045,PALLET-WRAP,6,18.75,2025-02-25
PO100061,V0026,GEARBOX,6,2100.0,2025-02-20
PO100062,V0056,CONTROL-PANEL,22,1520.0,2025-01-29
PO100063,V0022,HYDRAULIC-PUMP,5,880.0,2025-03-07
PO100064,V0041,BEARING-SET,34,42.5,2025-03-07
PO100065,V0013,PALLET-WRAP,23,18.75,2025-04-04
PO100067,V0017,CONVEYOR-BELT,12,310.0,2025-03-19
PO100068,V0049,BEARING-SET,12,42.5,2025-04-09
PO100069,V0041,SENSOR-PROX,30,95.0,2025-04-07
PO100070,V0037,LUBRICANT-DRUM,29,220.0,2025-03-29
PO100071,V0060,LUBRICANT-DRUM,40,220.0,2025-02-11
PO100072,V0056,PALLET-WRAP,10,18.75,2025-02-26
PO100073,V0005,SENSOR-PROX,29,95.0,2025-03-22
PO100074,V0051,CONTROL-PANEL,38,1520.0,2025-01-08
PO100075,V0023,GEARBOX,5,2100.0,2025-02-09
PO100076,V0030,SENSOR-PROX,3,95.0,2025-01-08
PO100077,V0024,CONTROL-PANEL,5,1520.0,2025-03-24
PO100078,V0040,LUBRICANT-DRUM,33,220.0,2025-02-19
PO100080,V0058,STEEL-COIL,29,1250.0,2025-04-27
PO100081,V0052,LUBRICANT-DRUM,13,220.0,2025-02-11
PO100082,V0039,SENSOR-PROX,33,95.0,2025-01-20
PO100083,V0004,SENSOR-PROX,7,95.0,2025-04-14
PO100084,V0058,PALLET-WRAP,6,18.75,2025-03-06
PO100086,V0029,GEARBOX,34,2100.0,2025-03-20
PO100087,V0011,PALLET-WRAP,24,18.75,2025-04-28
PO100088,V0019,MOTOR-3PH,27,640.0,2025-04-10
PO100089,V0022,LUBRICANT-DRUM,4,220.0,2025-04-12
PO100090,V0041,PALLET-WRAP,5,18.75,2025-02-12
PO100091,V0007,GEARBOX,25,2100.0,2025-02-06
PO100092,V0017,LUBRICANT-DRUM,10,220.0,2025-02-12
PO100093,V0038,HYDRAULIC-PUMP,23,880.0,2025-02-09
PO100094,V0042,MOTOR-3PH,9,640.0,2025-03-18
PO100095,V0046,BEARING-SET,20,42.5,2025-03-13
PO100096,V0025,PALLET-WRAP,9,18.75,2025-03-27
PO100098,V0033,PALLET-WRAP,2,18.75,2025-02-16
PO100099,V0020,HYDRAULIC-PUMP,14,880.0,2025-02-13
PO100101,V0010,BEARING-SET,19,42.5,2025-04-19
PO100102,V0051,BEARING-SET,33,42.5,2025-04-09
PO100103,V0035,GEARBOX,3,2100.0,2025-03-26
PO100104,V0022,LUBRICANT-DRUM,9,220.0,2025-03-18
PO100105,V0025,HYDRAULIC-PUMP,11,880.0,2025-01-24
PO100106,V0054,LUBRICANT-DRUM,11,220.0,2025-04-03
PO100107,V0029,STEEL-COIL,27,1250.0,2025-02-16
PO100108,V0044,CONVEYOR-BELT,29,310.0,2025-03-20
PO100109,V0019,SENSOR-PROX,15,95.0,2025-03-10
PO100110,V0016,CONTROL-PANEL,31,1520.0,2025-04-26
PO100111,V0054,CONVEYOR-BELT,24,310.0,2025-03-28
PO100112,V0037,SENSOR-PROX,30,95.0,2025-04-09
PO100113,V0019,MOTOR-3PH,33,640.0,2025-03-09
PO100114,V0027,HYDRAULIC-PUMP,13,880.0,2025-04-13
PO100115,V0009,CONTROL-PANEL,4,1520.0,2025-03-24
PO100116,V0024,GEARBOX,7,2100.0,2025-04-02
PO100117,V0055,GEARBOX,8,2100.0,2025-02-06
PO100118,V0006,HYDRAULIC-PUMP,18,880.0,2025-02-27
PO100119,V0010,MOTOR-3PH,6,640.0,2025-04-27
PO100120,V0015,SENSOR-PROX,23,95.0,2025-04-30
PO100121,V0004,MOTOR-3PH,33,640.0,2025-02-17
PO100122,V0025,BEARING-SET,24,42.5,2025-01-29
PO100123,V0060,BEARING-SET,22,42.5,2025-04-12
PO100124,V0010,HYDRAULIC-PUMP,3,880.0,2025-02-06
PO100125,V0059,SENSOR-PROX,9,95.0,2025-04-08
PO100126,V0046,SENSOR-PROX,29,95.0,2025-03-20
PO100127,V0001,BEARING-SET,2,42.5,2025-02-02
PO100128,V0014,HYDRAULIC-PUMP,36,880.0,2025-05-01
PO100129,V0047,LUBRICANT-DRUM,34,220.0,2025-02-24
PO100130,V0008,CONTROL-PANEL,16,1520.0,2025-02-08
PO100131,V0008,STEEL-COIL,16,1250.0,2025-02-23
PO100132,V0041,LUBRICANT-DRUM,30,220.0,2025-01-09
PO100133,V0008,SENSOR-PROX,39,95.0,2025-03-10
PO100134,V0002,GEARBOX,37,2100.0,2025-01-31
PO100135,V0019,MOTOR-3PH,1,640.0,2025-03-20
PO100136,V0023,CONVEYOR-BELT,37,310.0,2025-02-23
PO100137,V0012,BEARING-SET,34,42.5,2025-02-16
PO100138,V0005,GEARBOX,35,2100.0,2025-03-06
PO100139,V0051,GEARBOX,36,2100.0,2025-01-03
PO100140,V0031,STEEL-COIL,25,1250.0,2025-02-17
PO100141,V0017,STEEL-COIL,23,1250.0,2025-04-11
PO100142,V0005,PALLET-WRAP,16,18.75,2025-04-04
PO100143,V0050,LUBRICANT-DRUM,22,220.0,2025-01-18
PO100144,V0003,PALLET-WRAP,35,18.75,2025-02-13
PO100145,V0053,HYDRAULIC-PUMP,30,880.0,2025-03-31
PO100146,V0041,HYDRAULIC-PUMP,9,880.0,2025-01-09
PO100147,V0003,CONTROL-PANEL,13,1520.0,2025-01-06
PO100149,V0033,MOTOR-3PH,35,640.0,2025-03-02
PO100150,V0049,CONVEYOR-BELT,19,310.0,2025-02-15
PO100151,V0056,STEEL-COIL,22,1250.0,2025-02-04
PO100152,V0008,PALLET-WRAP,28,18.75,2025-04-24
PO100153,V0048,SENSOR-PROX,25,95.0,2025-02-13
PO100154,V0012,SENSOR-PROX,32,95.0,2025-02-17
PO100155,V0060,GEARBOX,18,2100.0,2025-04-13
PO100156,V0047,MOTOR-3PH,6,640.0,2025-02-25
PO100157,V0039,HYDRAULIC-PUMP,35,880.0,2025-02-07
PO100158,V0021,BEARING-SET,6,42.5,2025-02-11
PO100159,V0020,SENSOR-PROX,39,95.0,2025-04-02
PO100160,V0011,SENSOR-PROX,23,95.0,2025-02-27
PO100161,V0003,PALLET-WRAP,40,18.75,2025-02-25
PO100162,V0018,STEEL-COIL,5,1250.0,2025-03-27
PO100163,V0041,MOTOR-3PH,24,640.0,2025-03-07
PO100164,V0052,HYDRAULIC-PUMP,2,880.0,2025-01-19
PO100165,V0055,LUBRICANT-DRUM,29,220.0,2025-01-05
PO100167,V0024,PALLET-WRAP,25,18.75,2025-03-14
PO100168,V0010,SENSOR-PROX,24,95.0,2025-02-17
PO100169,V0029,BEARING-SET,37,42.5,2025-01-18
PO100170,V0034,PALLET-WRAP,26,18.75,2025-02-10
PO100171,V0042,CONTROL-PANEL,16,1520.0,2025-01-15
PO100172,V0002,HYDRAULIC-PUMP,32,880.0,2025-03-08
PO100173,V0025,GEARBOX,8,2100.0,2025-02-03
PO100174,V0050,CONTROL-PANEL,29,1520.0,2025-01-28
PO100175,V0040,CONTROL-PANEL,32,1520.0,2025-01-26
PO100176,V0008,HYDRAULIC-PUMP,5,880.0,2025-02-27
PO100177,V0012,SENSOR-PROX,6,95.0,2025-04-14
PO100178,V0055,PALLET-WRAP,23,18.75,2025-04-01
PO100179,V0005,GEARBOX,35,2100.0,2025-02-07
PO100180,V0055,HYDRAULIC-PUMP,12,880.0,2025-04-12
PO100181,V0024,GEARBOX,15,2100.0,2025-01-16
PO100182,V0051,HYDRAULIC-PUMP,16,880.0,2025-04-12
PO100183,V0032,STEEL-COIL,24,1250.0,2025-03-12
PO100184,V0030,GEARBOX,9,2100.0,2025-03-20
PO100185,V0057,BEARING-SET,5,42.5,2025-02-09
PO100186,V0026,SENSOR-PROX,34,95.0,2025-02-22
PO100187,V0050,MOTOR-3PH,37,640.0,2025-01-10
PO100188,V0021,BEARING-SET,29,42.5,2025-03-01
PO100189,V0044,GEARBOX,23,2100.0,2025-01-17
PO100190,V0057,GEARBOX,38,2100.0,2025-01-24
PO100191,V0028,GEARBOX,4,2100.0,2025-04-17
PO100192,V0034,HYDRAULIC-PUMP,20,880.0,2025-01-22
PO100193,V0011,PALLET-WRAP,15,18.75,2025-02-14
PO100194,V0034,CONTROL-PANEL,6,1520.0,2025-02-02
PO100195,V0013,GEARBOX,18,2100.0,2025-01-17
PO100196,V0041,CONTROL-PANEL,40,1520.0,2025-03-10
PO100197,V0006,GEARBOX,11,2100.0,2025-03-17
PO100198,V0010,HYDRAULIC-PUMP,40,880.0,2025-04-03
PO100199,V0022,LUBRICANT-DRUM,3,220.0,2025-04-16
PO100200,V0056,STEEL-COIL,6,1250.0,2025-01-06
PO100201,V0042,LUBRICANT-DRUM,17,220.0,2025-03-25
PO100202,V0014,LUBRICANT-DRUM,27,220.0,2025-03-21
PO100203,V0041,STEEL-COIL,32,1250.0,2025-04-24
PO100204,V0041,GEARBOX,19,2100.0,2025-03-24
PO100205,V0020,SENSOR-PROX,16,95.0,2025-04-14
PO100207,V0045,STEEL-COIL,11,1250.0,2025-02-26
PO100208,V0027,SENSOR-PROX,30,95.0,2025-01-27
PO100209,V0022,LUBRICANT-DRUM,10,220.0,2025-02-10
PO100210,V0056,PALLET-WRAP,23,18.75,2025-02-21
PO100211,V0009,PALLET-WRAP,33,18.75,2025-03-13
PO100212,V0016,SENSOR-PROX,8,95.0,2025-02-04
PO100213,V0029,CONVEYOR-BELT,10,310.0,2025-01-13
PO100214,V0004,CONTROL-PANEL,25,1520.0,2025-04-21
PO100215,V0027,CONVEYOR-BELT,11,310.0,2025-04-15
PO100216,V0021,LUBRICANT-DRUM,21,220.0,2025-01-25
PO100218,V0032,CONTROL-PANEL,32,1520.0,2025-01-03
PO100219,V0006,MOTOR-3PH,33,640.0,2025-02-28
PO100220,V0014,LUBRICANT-DRUM,23,220.0,2025-01-07
PO100221,V0004,CONTROL-PANEL,32,1520.0,2025-03-18
PO100222,V0057,SENSOR-PROX,19,95.0,2025-03-10
PO100223,V0001,BEARING-SET,28,42.5,2025-01-18
PO100224,V0057,CONTROL-PANEL,24,1520.0,2025-04-08
PO100225,V0026,PALLET-WRAP,3,18.75,2025-02-21
PO100226,V0004,LUBRICANT-DRUM,36,220.0,2025-01-25
PO100227,V0024,GEARBOX,19,2100.0,2025-01-10
PO100228,V0025,GEARBOX,29,2100.0,2025-04-08
PO100229,V0036,CONTROL-PANEL,40,1520.0,2025-03-29
PO100230,V0040,BEARING-SET,9,42.5,2025-01-13
PO100231,V0026,PALLET-WRAP,22,18.75,2025-03-13
PO100232,V0049,HYDRAULIC-PUMP,13,880.0,2025-03-19
PO100233,V0033,MOTOR-3PH,33,640.0,2025-01-06
PO100234,V0003,STEEL-COIL,9,1250.0,2025-04-02
PO100235,V0022,SENSOR-PROX,34,95.0,2025-02-28
PO100237,V0060,LUBRICANT-DRUM,21,220.0,2025-01-21
PO100238,V0026,LUBRICANT-DRUM,20,220.0,2025-03-17
PO100239,V0022,GEARBOX,33,2100.0,2025-03-10
PO100240,V0032,LUBRICANT-DRUM,20,220.0,2025-03-02
PO100241,V0053,STEEL-COIL,24,1250.0,2025-02-12
PO100242,V0044,BEARING-SET,27,42.5,2025-03-16
PO100243,V0020,STEEL-COIL,39,1250.0,2025-03-02
PO100244,V0017,LUBRICANT-DRUM,37,220.0,2025-01-30
PO100245,V0047,STEEL-COIL,38,1250.0,2025-03-03
PO100246,V0041,LUBRICANT-DRUM,25,220.0,2025-01-19
PO100247,V0053,CONVEYOR-BELT,3,310.0,2025-03-15
PO100248,V0045,BEARING-SET,13,42.5,2025-01-03
PO100249,V0027,HYDRAULIC-PUMP,27,880.0,2025-03-30
PO100251,V0059,SENSOR-PROX,4,95.0,2025-04-01
PO100253,V0043,SENSOR-PROX,34,95.0,2025-02-18
PO100254,V0021,HYDRAULIC-PUMP,30,880.0,2025-04-27
PO100255,V0035,PALLET-WRAP,35,18.75,2025-02-15
PO100257,V0016,CONTROL-PANEL,36,1520.0,2025-02-08
PO100258,V0015,CONTROL-PANEL,19,1520.0,2025-04-01
PO100260,V0036,CONTROL-PANEL,19,1520.0,2025-01-16
PO100261,V0035,MOTOR-3PH,26,640.0,2025-04-15
PO100262,V0023,HYDRAULIC-PUMP,19,880.0,2025-01-06
PO100263,V0019,BEARING-SET,23,42.5,2025-04-29
PO100264,V0029,CONTROL-PANEL,31,1520.0,2025-01-28
PO100265,V0035,CONTROL-PANEL,36,1520.0,2025-03-31
PO100266,V0018,HYDRAULIC-PUMP,7,880.0,2025-03-20
PO100267,V0048,LUBRICANT-DRUM,16,220.0,2025-02-01
PO100268,V0004,GEARBOX,15,2100.0,2025-03-23
PO100269,V0007,MOTOR-3PH,22,640.0,2025-04-02
PO100270,V0031,BEARING-SET,9,42.5,2025-01-01
PO100271,V0036,HYDRAULIC-PUMP,27,880.0,2025-03-25
PO100272,V0060,SENSOR-PROX,31,95.0,2025-03-25
PO100273,V0013,CONTROL-PANEL,21,1520.0,2025-02-06
PO100274,V0042,STEEL-COIL,6,1250.0,2025-03-25
PO100275,V0037,CONVEYOR-BELT,35,310.0,2025-04-05
PO100276,V0047,STEEL-COIL,12,1250.0,2025-02-23
PO100277,V0057,HYDRAULIC-PUMP,3,880.0,2025-04-18
PO100278,V0026,SENSOR-PROX,12,95.0,2025-04-30
PO100280,V0037,LUBRICANT-DRUM,7,220.0,2025-04-29
PO100281,V0022,CONTROL-PANEL,30,1520.0,2025-03-24
PO100282,V0032,HYDRAULIC-PUMP,33,880.0,2025-03-01
PO100283,V0018,CONVEYOR-BELT,8,310.0,2025-02-12
PO100284,V0030,CONTROL-PANEL,12,1520.0,2025-01-02
PO100285,V0048,PALLET-WRAP,19,18.75,2025-03-14
PO100286,V0044,CONVEYOR-BELT,12,310.0,2025-03-20
PO100287,V0055,MOTOR-3PH,28,640.0,2025-03-07
PO100288,V0021,BEARING-SET,26,42.5,2025-03-27
PO100289,V0007,HYDRAULIC-PUMP,9,880.0,2025-03-03
PO100291,V0016,SENSOR-PROX,18,95.0,2025-02-12
PO100292,V0020,LUBRICANT-DRUM,37,220.0,2025-01-02
PO100293,V0017,PALLET-WRAP,16,18.75,2025-01-08
PO100294,V0030,CONTROL-PANEL,11,1520.0,2025-02-21
PO100295,V0044,GEARBOX,20,2100.0,2025-03-30
PO100296,V0041,CONTROL-PANEL,24,1520.0,2025-03-20
PO100297,V0015,CONVEYOR-BELT,9,310.0,2025-03-03
PO100298,V0010,SENSOR-PROX,39,95.0,2025-02-17
PO100299,V0027,GEARBOX,31,2100.0,2025-04-07
PO100300,V0035,CONVEYOR-BELT,16,310.0,2025-03-29
PO100301,V0049,LUBRICANT-DRUM,6,220.0,2025-03-09
PO100302,V0029,GEARBOX,24,2100.0,2025-01-10
PO100303,V0059,LUBRICANT-DRUM,8,220.0,2025-01-08
PO100304,V0054,GEARBOX,33,2100.0,2025-01-26
PO100305,V0035,HYDRAULIC-PUMP,11,880.0,2025-02-11
PO100306,V0055,GEARBOX,29,2100.0,2025-01-15
PO100307,V0044,CONVEYOR-BELT,38,310.0,2025-03-04
PO100308,V0006,GEARBOX,29,2100.0,2025-04-14
PO100309,V0004,SENSOR-PROX,9,95.0,2025-03-07
PO100310,V0027,SENSOR-PROX,37,95.0,2025-01-08
PO100311,V0036,SENSOR-PROX,20,95.0,2025-04-03
PO100312,V0017,STEEL-COIL,14,1250.0,2025-03-16
PO100313,V0005,STEEL-COIL,28,1250.0,2025-02-14
PO100314,V0045,BEARING-SET,35,42.5,2025-01-08
PO100315,V0060,BEARING-SET,31,42.5,2025-01-05
PO100316,V0019,MOTOR-3PH,12,640.0,2025-04-09
PO100317,V0042,MOTOR-3PH,24,640.0,2025-04-25
PO100318,V0025,SENSOR-PROX,25,95.0,2025-02-18
PO100319,V0006,GEARBOX,9,2100.0,2025-03-25
PO100320,V0056,PALLET-WRAP,8,18.75,2025-01-23
PO100321,V0035,MOTOR-3PH,34,640.0,2025-01-17
PO100323,V0020,SENSOR-PROX,35,95.0,2025-02-24
PO100324,V0035,MOTOR-3PH,15,640.0,2025-02-01
PO100325,V0023,HYDRAULIC-PUMP,18,880.0,2025-01-25
PO100326,V0047,BEARING-SET,3,42.5,2025-04-14
PO100327,V0043,MOTOR-3PH,40,640.0,2025-04-09
PO100328,V0060,STEEL-COIL,16,1250.0,2025-01-27
PO100329,V0005,BEARING-SET,39,42.5,2025-01-05
PO100330,V0029,LUBRICANT-DRUM,4,220.0,2025-02-01
PO100331,V0048,STEEL-COIL,26,1250.0,2025-02-26
PO100332,V0015,GEARBOX,14,2100.0,2025-04-07
PO100333,V0009,GEARBOX,19,2100.0,2025-01-30
PO100334,V0053,LUBRICANT-DRUM,21,220.0,2025-03-15
PO100335,V0039,PALLET-WRAP,16,18.75,2025-02-08
PO100336,V0057,HYDRAULIC-PUMP,34,880.0,2025-01-29
PO100337,V0027,CONTROL-PANEL,18,1520.0,2025-01-08
PO100339,V0036,SENSOR-PROX,4,95.0,2025-02-14
PO100340,V0042,MOTOR-3PH,34,640.0,2025-02-10
PO100341,V0045,MOTOR-3PH,27,640.0,2025-01-20
PO100342,V0020,MOTOR-3PH,12,640.0,2025-04-07
PO100343,V0035,SENSOR-PROX,16,95.0,2025-04-19
PO100344,V0015,CONTROL-PANEL,10,1520.0,2025-04-14
PO100345,V0030,STEEL-COIL,36,1250.0,2025-02-22
PO100346,V0036,GEARBOX,9,2100.0,2025-02-19
PO100347,V0016,CONTROL-PANEL,14,1520.0,2025-02-12
PO100348,V0042,BEARING-SET,29,42.5,2025-04-19
PO100349,V0024,BEARING-SET,35,42.5,2025-04-03
PO100350,V0004,CONTROL-PANEL,25,1520.0,2025-03-28
PO100351,V0039,LUBRICANT-DRUM,3,220.0,2025-04-22
PO100352,V0005,CONVEYOR-BELT,38,310.0,2025-04-03
PO100353,V0043,GEARBOX,14,2100.0,2025-03-03
PO100354,V0014,PALLET-WRAP,20,18.75,2025-04-27
PO100355,V0001,CONVEYOR-BELT,13,310.0,2025-04-05
PO100356,V0008,SENSOR-PROX,16,95.0,2025-03-31
PO100357,V0039,CONVEYOR-BELT,26,310.0,2025-04-28
PO100358,V0016,GEARBOX,21,2100.0,2025-04-10
PO100359,V0019,MOTOR-3PH,30,640.0,2025-03-10
PO100360,V0042,PALLET-WRAP,20,18.75,2025-02-03
PO100361,V0024,GEARBOX,32,2100.0,2025-03-01
PO100362,V0007,SENSOR-PROX,21,95.0,2025-04-28
PO100363,V0014,PALLET-WRAP,21,18.75,2025-02-22
PO100364,V0003,LUBRICANT-DRUM,15,220.0,2025-04-05
PO100365,V0010,STEEL-COIL,17,1250.0,2025-03-12
PO100366,V0060,LUBRICANT-DRUM,38,220.0,2025-04-03
PO100367,V0027,CONTROL-PANEL,10,1520.0,2025-01-26
PO100368,V0022,CONVEYOR-BELT,25,310.0,2025-03-14
PO100369,V0032,GEARBOX,22,2100.0,2025-02-02
PO100370,V0049,SENSOR-PROX,32,95.0,2025-02-28
PO100371,V0011,PALLET-WRAP,11,18.75,2025-01-18
PO100372,V0047,GEARBOX,32,2100.0,2025-01-24
PO100374,V0054,BEARING-SET,4,42.5,2025-04-08
PO100375,V0009,CONVEYOR-BELT,5,310.0,2025-04-01
PO100376,V0010,STEEL-COIL,14,1250.0,2025-03-06
PO100377,V0030,PALLET-WRAP,4,18.75,2025-03-21
PO100378,V0041,LUBRICANT-DRUM,31,220.0,2025-03-26
PO100379,V0032,STEEL-COIL,1,1250.0,2025-03-10
PO100380,V0036,MOTOR-3PH,1,640.0,2025-01-03
PO100381,V0034,CONTROL-PANEL,35,1520.0,2025-02-06
PO100382,V0002,GEARBOX,28,2100.0,2025-04-14
PO100383,V0059,HYDRAULIC-PUMP,7,880.0,2025-04-28
PO100385,V0040,GEARBOX,17,2100.0,2025-04-15
PO100386,V0023,CONTROL-PANEL,26,1520.0,2025-01-11
PO100387,V0024,MOTOR-3PH,30,640.0,2025-03-14
PO100388,V0016,CONVEYOR-BELT,20,310.0,2025-03-29
PO100389,V0053,BEARING-SET,3,42.5,2025-01-12
PO100390,V0026,MOTOR-3PH,25,640.0,2025-03-12
PO100391,V0031,STEEL-COIL,1,1250.0,2025-03-31
PO100392,V0011,BEARING-SET,32,42.5,2025-04-19
PO100393,V0028,PALLET-WRAP,37,18.75,2025-04-20
PO100394,V0007,GEARBOX,3,2100.0,2025-01-30
PO100395,V0014,LUBRICANT-DRUM,31,220.0,2025-02-04
PO100398,V0002,CONVEYOR-BELT,38,310.0,2025-01-19
PO100399,V0049,MOTOR-3PH,5,640.0,2025-02-08
PO100400,V0011,LUBRICANT-DRUM,16,220.0,2025-03-14
PO100401,V0054,MOTOR-3PH,35,640.0,2025-02-12
PO100402,V0025,HYDRAULIC-PUMP,6,880.0,2025-03-06
PO100403,V0048,PALLET-WRAP,4,18.75,2025-01-13
PO100404,V0028,CONVEYOR-BELT,5,310.0,2025-02-13
PO100405,V0039,LUBRICANT-DRUM,39,220.0,2025-02-20
PO100406,V0050,PALLET-WRAP,2,18.75,2025-03-23
PO100407,V0018,SENSOR-PROX,32,95.0,2025-01-30
PO100408,V0023,GEARBOX,25,2100.0,2025-02-25
PO100410,V0019,CONVEYOR-BELT,5,310.0,2025-01-11
PO100411,V0018,HYDRAULIC-PUMP,25,880.0,2025-04-02
PO100412,V0051,HYDRAULIC-PUMP,25,880.0,2025-02-10
PO100413,V0024,BEARING-SET,6,42.5,2025-01-01
PO100414,V0020,SENSOR-PROX,24,95.0,2025-04-08
PO100415,V0018,BEARING-SET,9,42.5,2025-01-12
PO100416,V0012,MOTOR-3PH,29,640.0,2025-03-13
PO100417,V0036,GEARBOX,27,2100.0,2025-01-14
PO100418,V0002,BEARING-SET,23,42.5,2025-03-12
PO100419,V0006,LUBRICANT-DRUM,39,220.0,2025-04-11
PO100420,V0021,MOTOR-3PH,1,640.0,2025-02-07
PO100421,V0027,MOTOR-3PH,6,640.0,2025-04-03
PO100422,V0058,GEARBOX,16,2100.0,2025-03-15
PO100423,V0034,HYDRAULIC-PUMP,25,880.0,2025-01-22
PO100425,V0005,HYDRAULIC-PUMP,28,880.0,2025-02-05
PO100427,V0024,CONTROL-PANEL,16,1520.0,2025-04-03
PO100428,V0041,SENSOR-PROX,39,95.0,2025-03-20
PO100429,V0013,SENSOR-PROX,7,95.0,2025-01-18
PO100430,V0020,STEEL-COIL,26,1250.0,2025-02-12
PO100431,V0054,LUBRICANT-DRUM,25,220.0,2025-04-13
PO100432,V0029,PALLET-WRAP,28,18.75,2025-04-15
PO100433,V0053,LUBRICANT-DRUM,9,220.0,2025-02-08
PO100434,V0021,LUBRICANT-DRUM,13,220.0,2025-03-03
PO100435,V0021,HYDRAULIC-PUMP,26,880.0,2025-02-10
PO100436,V0019,SENSOR-PROX,37,95.0,2025-04-11
PO100437,V0025,CONTROL-PANEL,26,1520.0,2025-02-16
PO100438,V0008,LUBRICANT-DRUM,13,220.0,2025-03-17
PO100439,V0035,HYDRAULIC-PUMP,36,880.0,2025-01-04
PO100440,V0047,SENSOR-PROX,14,95.0,2025-02-26
PO100441,V0052,CONTROL-PANEL,5,1520.0,2025-04-15
PO100442,V0055,MOTOR-3PH,32,640.0,2025-01-18
PO100443,V0041,CONTROL-PANEL,16,1520.0,2025-02-02
PO100444,V0043,HYDRAULIC-PUMP,28,880.0,2025-04-12
PO100445,V0025,BEARING-SET,29,42.5,2025-03-18
PO100446,V0031,LUBRICANT-DRUM,26,220.0,2025-03-10
PO100447,V0033,MOTOR-3PH,35,640.0,2025-01-05
PO100448,V0051,PALLET-WRAP,35,18.75,2025-03-18
PO100449,V0041,BEARING-SET,7,42.5,2025-04-09
PO100450,V0016,PALLET-WRAP,11,18.75,2025-03-24
PO100451,V0040,STEEL-COIL,37,1250.0,2025-03-24
PO100452,V0044,MOTOR-3PH,22,640.0,2025-04-12
PO100453,V0028,BEARING-SET,1,42.5,2025-01-13
PO100454,V0017,CONVEYOR-BELT,33,310.0,2025-04-06
PO100455,V0034,GEARBOX,38,2100.0,2025-03-30
PO100456,V0037,CONVEYOR-BELT,29,310.0,2025-02-17
PO100457,V0026,SENSOR-PROX,38,95.0,2025-03-30
PO100458,V0033,HYDRAULIC-PUMP,23,880.0,2025-01-04
PO100459,V0031,BEARING-SET,19,42.5,2025-02-23
PO100460,V0059,BEARING-SET,8,42.5,2025-04-17
PO100461,V0047,HYDRAULIC-PUMP,23,880.0,2025-02-09
PO100462,V0022,SENSOR-PROX,14,95.0,2025-03-08
PO100463,V0031,PALLET-WRAP,31,18.75,2025-01-13
PO100464,V0047,SENSOR-PROX,21,95.0,2025-01-09
PO100465,V0020,STEEL-COIL,8,1250.0,2025-01-03
PO100466,V0055,PALLET-WRAP,7,18.75,2025-03-28
PO100467,V0060,CONVEYOR-BELT,34,310.0,2025-01-23
PO100468,V0036,HYDRAULIC-PUMP,22,880.0,2025-03-13
PO100469,V0028,SENSOR-PROX,15,95.0,2025-04-13
PO100470,V0026,HYDRAULIC-PUMP,12,880.0,2025-03-23
PO100471,V0043,MOTOR-3PH,26,640.0,2025-01-04
PO100472,V0048,LUBRICANT-DRUM,13,220.0,2025-02-27
PO100473,V0038,MOTOR-3PH,25,640.0,2025-01-01
PO100474,V0046,CONVEYOR-BELT,14,310.0,2025-02-05
PO100475,V0049,BEARING-SET,37,42.5,2025-01-14
PO100476,V0052,GEARBOX,12,2100.0,2025-02-16
PO100477,V0021,CONVEYOR-BELT,30,310.0,2025-01-15
PO100478,V0017,SENSOR-PROX,34,95.0,2025-03-23
PO100479,V0025,LUBRICANT-DRUM,26,220.0,2025-03-17
PO100480,V0008,PALLET-WRAP,23,18.75,2025-04-19
PO100481,V0030,LUBRICANT-DRUM,12,220.0,2025-04-15
PO100482,V0059,LUBRICANT-DRUM,38,220.0,2025-01-11
PO100483,V0044,HYDRAULIC-PUMP,21,880.0,2025-01-16
PO100484,V0008,HYDRAULIC-PUMP,24,880.0,2025-03-30
PO100485,V0025,MOTOR-3PH,39,640.0,2025-01-18
PO100486,V0037,MOTOR-3PH,28,640.0,2025-01-24
PO100487,V0032,GEARBOX,12,2100.0,2025-03-13
PO100488,V0011,SENSOR-PROX,19,95.0,2025-01-18
PO100489,V0012,PALLET-WRAP,29,18.75,2025-03-21
PO100491,V0013,MOTOR-3PH,36,640.0,2025-03-06
PO100492,V0042,SENSOR-PROX,27,95.0,2025-03-29
PO100493,V0032,MOTOR-3PH,29,640.0,2025-03-04
PO100494,V0011,BEARING-SET,37,42.5,2025-01-04
PO100495,V0051,CONVEYOR-BELT,19,310.0,2025-01-05
PO100496,V0018,CONVEYOR-BELT,35,310.0,2025-02-06
PO100497,V0011,SENSOR-PROX,37,95.0,2025-04-06
PO100498,V0050,SENSOR-PROX,36,95.0,2025-03-07
PO100500,V0053,PALLET-WRAP,35,18.75,2025-04-16
PO100501,V0049,STEEL-COIL,29,1250.0,2025-03-11
PO100502,V0014,MOTOR-3PH,7,640.0,2025-04-05
PO100503,V0054,CONVEYOR-BELT,20,310.0,2025-04-22
PO100504,V0003,SENSOR-PROX,17,95.0,2025-02-14
PO100505,V0056,BEARING-SET,29,42.5,2025-04-21
PO100506,V0008,CONVEYOR-BELT,14,310.0,2025-04-14
PO100507,V0048,LUBRICANT-DRUM,23,220.0,2025-04-21
PO100508,V0041,MOTOR-3PH,11,640.0,2025-03-20
PO100509,V0009,CONVEYOR-BELT,14,310.0,2025-04-14
PO100510,V0004,LUBRICANT-DRUM,23,220.0,2025-03-10
PO100511,V0018,LUBRICANT-DRUM,35,220.0,2025-01-22
PO100512,V0021,CONTROL-PANEL,19,1520.0,2025-03-15
PO100513,V0018,GEARBOX,7,2100.0,2025-01-18
PO100514,V0049,MOTOR-3PH,4,640.0,2025-02-05
PO100515,V0056,HYDRAULIC-PUMP,9,880.0,2025-02-01
PO100516,V0010,PALLET-WRAP,16,18.75,2025-04-08
PO100517,V0054,MOTOR-3PH,32,640.0,2025-01-19
PO100518,V0018,MOTOR-3PH,25,640.0,2025-02-27
PO100519,V0005,BEARING-SET,26,42.5,2025-03-07
PO100520,V0048,CONTROL-PANEL,24,1520.0,2025-02-28
PO100521,V0021,LUBRICANT-DRUM,1,220.0,2025-04-22
PO100522,V0050,BEARING-SET,30,42.5,2025-03-23
PO100523,V0023,BEARING-SET,35,42.5,2025-02-20
PO100524,V0014,MOTOR-3PH,14,640.0,2025-03-05
PO100525,V0018,PALLET-WRAP,19,18.75,2025-02-13
PO100526,V0036,LUBRICANT-DRUM,9,220.0,2025-03-14
PO100527,V0055,SENSOR-PROX,22,95.0,2025-04-25
PO100528,V0044,STEEL-COIL,3,1250.0,2025-01-13
PO100530,V0029,SENSOR-PROX,1,95.0,2025-02-24
PO100531,V0045,HYDRAULIC-PUMP,20,880.0,2025-01-21
PO100532,V0056,CONTROL-PANEL,6,1520.0,2025-03-25
PO100533,V0024,CONTROL-PANEL,6,1520.0,2025-02-17
PO100534,V0043,HYDRAULIC-PUMP,4,880.0,2025-02-20
PO100535,V0041,CONTROL-PANEL,15,1520.0,2025-02-24
PO100536,V0042,BEARING-SET,7,42.5,2025-01-01
PO100537,V0014,SENSOR-PROX,5,95.0,2025-01-17
PO100538,V0038,CONVEYOR-BELT,34,310.0,2025-03-29
PO100539,V0029,STEEL-COIL,1,1250.0,2025-03-31
PO100540,V0022,BEARING-SET,28,42.5,2025-03-30
PO100541,V0009,SENSOR-PROX,5,95.0,2025-01-30
PO100542,V0025,BEARING-SET,7,42.5,2025-01-14
PO100543,V0021,PALLET-WRAP,20,18.75,2025-01-18
PO100544,V0025,HYDRAULIC-PUMP,10,880.0,2025-01-09
PO100545,V0034,LUBRICANT-DRUM,1,220.0,2025-03-20
PO100546,V0042,HYDRAULIC-PUMP,29,880.0,2025-02-14
PO100547,V0047,CONVEYOR-BELT,10,310.0,2025-04-28
PO100548,V0027,LUBRICANT-DRUM,29,220.0,2025-04-21
PO100549,V0014,BEARING-SET,7,42.5,2025-01-18
PO100550,V0049,BEARING-SET,38,42.5,2025-04-04
PO100551,V0025,PALLET-WRAP,28,18.75,2025-02-10
PO100552,V0051,HYDRAULIC-PUMP,16,880.0,2025-02-05
PO100553,V0042,BEARING-SET,16,42.5,2025-03-12
PO100554,V0039,LUBRICANT-DRUM,39,220.0,2025-02-06
PO100555,V0050,STEEL-COIL,20,1250.0,2025-01-27
PO100556,V0034,LUBRICANT-DRUM,33,220.0,2025-01-25
PO100557,V0048,MOTOR-3PH,19,640.0,2025-03-24
PO100558,V0004,CONVEYOR-BELT,32,310.0,2025-02-19
PO100559,V0016,SENSOR-PROX,39,95.0,2025-01-10
PO100560,V0034,STEEL-COIL,24,1250.0,2025-04-30
PO100561,V0021,HYDRAULIC-PUMP,25,880.0,2025-04-21
PO100562,V0054,LUBRICANT-DRUM,27,220.0,2025-02-16
PO100563,V0035,HYDRAULIC-PUMP,31,880.0,2025-04-09
PO100564,V0005,STEEL-COIL,38,1250.0,2025-01-09
PO100565,V0001,CONTROL-PANEL,14,1520.0,2025-01-06
PO100566,V0060,STEEL-COIL,26,1250.0,2025-03-06
PO100567,V0046,GEARBOX,27,2100.0,2025-02-24
PO100568,V0045,MOTOR-3PH,6,640.0,2025-03-23
PO100569,V0035,GEARBOX,40,2100.0,2025-01-20
PO100570,V0018,BEARING-SET,20,42.5,2025-01-11
PO100571,V0033,CONVEYOR-BELT,10,310.0,2025-03-10
PO100572,V0021,MOTOR-3PH,38,640.0,2025-03-23
PO100573,V0049,BEARING-SET,20,42.5,2025-03-31
PO100574,V0028,CONVEYOR-BELT,4,310.0,2025-02-01
PO100575,V0006,MOTOR-3PH,8,640.0,2025-02-28
PO100576,V0040,LUBRICANT-DRUM,4,220.0,2025-02-09
PO100577,V0043,HYDRAULIC-PUMP,8,880.0,2025-01-02
PO100578,V0046,HYDRAULIC-PUMP,1,880.0,2025-01-21
PO100579,V0032,PALLET-WRAP,34,18.75,2025-03-08
PO100580,V0051,CONTROL-PANEL,11,1520.0,2025-02-17
PO100581,V0009,CONTROL-PANEL,8,1520.0,2025-04-09
PO100582,V0058,STEEL-COIL,22,1250.0,2025-04-14
PO100583,V0028,CONTROL-PANEL,34,1520.0,2025-01-09
PO100584,V0017,LUBRICANT-DRUM,5,220.0,2025-03-05
PO100585,V0030,GEARBOX,24,2100.0,2025-01-08
PO100586,V0055,LUBRICANT-DRUM,11,220.0,2025-02-17
PO100587,V0011,CONTROL-PANEL,7,1520.0,2025-04-25
PO100588,V0037,BEARING-SET,15,42.5,2025-04-05
PO100589,V0033,STEEL-COIL,3,1250.0,2025-04-20
PO100590,V0056,STEEL-COIL,16,1250.0,2025-01-06
PO100591,V0031,PALLET-WRAP,25,18.75,2025-04-28
PO100592,V0010,HYDRAULIC-PUMP,3,880.0,2025-03-12
PO100593,V0052,MOTOR-3PH,15,640.0,2025-02-11
PO100594,V0016,MOTOR-3PH,21,640.0,2025-02-04
PO100595,V0053,BEARING-SET,37,42.5,2025-02-17
PO100596,V0008,GEARBOX,4,2100.0,2025-01-23
PO100598,V0057,SENSOR-PROX,19,95.0,2025-04-10
PO100599,V0021,BEARING-SET,36,42.5,2025-02-28
PO100600,V0013,CONTROL-PANEL,37,1520.0,2025-04-11
PO100601,V0020,LUBRICANT-DRUM,16,220.0,2025-03-01
PO100602,V0024,LUBRICANT-DRUM,32,220.0,2025-04-09
PO100603,V0050,CONVEYOR-BELT,35,310.0,2025-04-08
PO100604,V0051,CONVEYOR-BELT,10,310.0,2025-01-01
PO100605,V0002,CONVEYOR-BELT,35,310.0,2025-02-14
PO100606,V0045,STEEL-COIL,22,1250.0,2025-01-01
PO100607,V0049,MOTOR-3PH,20,640.0,2025-01-14
PO100608,V0014,GEARBOX,16,2100.0,2025-02-23
PO100609,V0032,STEEL-COIL,10,1250.0,2025-04-02
PO100610,V0018,BEARING-SET,3,42.5,2025-04-28
PO100611,V0015,GEARBOX,27,2100.0,2025-03-31
PO100613,V0038,BEARING-SET,33,42.5,2025-01-18
PO100614,V0005,LUBRICANT-DRUM,37,220.0,2025-01-08
PO100615,V0028,HYDRAULIC-PUMP,16,880.0,2025-02-07
PO100616,V0017,PALLET-WRAP,26,18.75,2025-03-31
PO100618,V0015,BEARING-SET,13,42.5,2025-01-18
PO100619,V0050,LUBRICANT-DRUM,7,220.0,2025-01-20
PO100620,V0007,HYDRAULIC-PUMP,29,880.0,2025-03-01
PO100621,V0027,BEARING-SET,35,42.5,2025-02-15
PO100622,V0050,CONVEYOR-BELT,29,310.0,2025-02-09
PO100623,V0030,CONTROL-PANEL,8,1520.0,2025-01-12
PO100624,V0011,CONTROL-PANEL,39,1520.0,2025-01-06
PO100625,V0014,PALLET-WRAP,10,18.75,2025-01-12
PO100626,V0046,CONVEYOR-BELT,23,310.0,2025-02-20
PO100627,V0033,STEEL-COIL,20,1250.0,2025-02-03
PO100628,V0053,HYDRAULIC-PUMP,2,880.0,2025-02-21
PO100629,V0055,SENSOR-PROX,36,95.0,2025-04-06
PO100630,V0036,CONVEYOR-BELT,7,310.0,2025-03-01
PO100631,V0007,HYDRAULIC-PUMP,8,880.0,2025-01-02
PO100632,V0004,CONVEYOR-BELT,9,310.0,2025-01-26
PO100633,V0053,MOTOR-3PH,24,640.0,2025-03-29
PO100634,V0038,LUBRICANT-DRUM,17,220.0,2025-04-28
PO100635,V0053,BEARING-SET,2,42.5,2025-01-09
PO100636,V0058,SENSOR-PROX,9,95.0,2025-01-12
PO100637,V0058,PALLET-WRAP,8,18.75,2025-01-06
PO100638,V0030,STEEL-COIL,11,1250.0,2025-04-29
PO100639,V0037,MOTOR-3PH,26,640.0,2025-03-05
PO100640,V0025,MOTOR-3PH,12,640.0,2025-02-15
PO100641,V0014,HYDRAULIC-PUMP,18,880.0,2025-02-05
PO100643,V0040,CONVEYOR-BELT,19,310.0,2025-03-05
PO100644,V0027,GEARBOX,31,2100.0,2025-01-08
PO100645,V0006,CONTROL-PANEL,25,1520.0,2025-01-18
PO100646,V0027,CONVEYOR-BELT,34,310.0,2025-02-01
PO100647,V0052,GEARBOX,2,2100.0,2025-02-18
PO100648,V0051,PALLET-WRAP,31,18.75,2025-03-11
PO100649,V0051,SENSOR-PROX,23,95.0,2025-04-27
PO100650,V0037,GEARBOX,21,2100.0,2025-02-19
PO100651,V0012,STEEL-COIL,21,1250.0,2025-03-18
PO100652,V0015,STEEL-COIL,18,1250.0,2025-01-08
PO100653,V0052,SENSOR-PROX,34,95.0,2025-02-15
PO100654,V0050,LUBRICANT-DRUM,15,220.0,2025-01-21
PO100655,V0007,CONVEYOR-BELT,16,310.0,2025-02-04
PO100656,V0035,STEEL-COIL,15,1250.0,2025-03-15
PO100658,V0052,PALLET-WRAP,38,18.75,2025-01-04
PO100660,V0037,CONVEYOR-BELT,32,310.0,2025-03-11
PO100662,V0004,CONVEYOR-BELT,39,310.0,2025-01-29
PO100663,V0031,STEEL-COIL,22,1250.0,2025-04-28
PO100664,V0040,CONVEYOR-BELT,9,310.0,2025-02-13
PO100665,V0046,HYDRAULIC-PUMP,21,880.0,2025-01-08
PO100666,V0002,HYDRAULIC-PUMP,38,880.0,2025-04-01
PO100667,V0059,HYDRAULIC-PUMP,8,880.0,2025-04-19
PO100668,V0034,PALLET-WRAP,5,18.75,2025-02-17
PO100669,V0046,MOTOR-3PH,38,640.0,2025-01-13
PO100670,V0022,CONTROL-PANEL,21,1520.0,2025-01-18
PO100671,V0011,MOTOR-3PH,32,640.0,2025-03-25
PO100672,V0021,HYDRAULIC-PUMP,36,880.0,2025-03-30
PO100673,V0057,LUBRICANT-DRUM,23,220.0,2025-01-29
PO100674,V0043,LUBRICANT-DRUM,12,220.0,2025-02-18
PO100675,V0020,CONTROL-PANEL,9,1520.0,2025-01-23
PO100676,V0047,STEEL-COIL,37,1250.0,2025-02-20
PO100677,V0055,LUBRICANT-DRUM,3,220.0,2025-01-24
PO100678,V0039,PALLET-WRAP,40,18.75,2025-01-29
PO100679,V0007,SENSOR-PROX,10,95.0,2025-02-12
PO100680,V0048,BEARING-SET,16,42.5,2025-02-14
PO100681,V0021,HYDRAULIC-PUMP,6,880.0,2025-04-16
PO100682,V0046,PALLET-WRAP,29,18.75,2025-01-02
PO100683,V0017,CONVEYOR-BELT,16,310.0,2025-03-30
PO100684,V0017,BEARING-SET,1,42.5,2025-01-07
PO100685,V0025,SENSOR-PROX,27,95.0,2025-01-22
PO100686,V0057,MOTOR-3PH,32,640.0,2025-04-23
PO100687,V0025,PALLET-WRAP,35,18.75,2025-02-18
PO100688,V0007,SENSOR-PROX,37,95.0,2025-03-25
PO100689,V0015,HYDRAULIC-PUMP,29,880.0,2025-01-10
PO100690,V0052,STEEL-COIL,19,1250.0,2025-01-03
PO100691,V0021,CONTROL-PANEL,7,1520.0,2025-01-10
PO100692,V0022,HYDRAULIC-PUMP,25,880.0,2025-01-21
PO100693,V0047,BEARING-SET,36,42.5,2025-05-01
PO100694,V0058,BEARING-SET,22,42.5,2025-03-18
PO100695,V0040,SENSOR-PROX,2,95.0,2025-02-25
PO100696,V0042,HYDRAULIC-PUMP,39,880.0,2025-04-24
PO100697,V0028,HYDRAULIC-PUMP,4,880.0,2025-01-13
PO100698,V0022,CONVEYOR-BELT,13,310.0,2025-02-22
PO100699,V0045,GEARBOX,35,2100.0,2025-02-03
PO100701,V0037,GEARBOX,32,2100.0,2025-01-20
PO100702,V0004,PALLET-WRAP,1,18.75,2025-02-24
PO100703,V0006,CONTROL-PANEL,39,1520.0,2025-03-03
PO100704,V0013,BEARING-SET,2,42.5,2025-01-27
PO100705,V0011,CONTROL-PANEL,6,1520.0,2025-03-02
PO100706,V0055,BEARING-SET,20,42.5,2025-04-11
PO100707,V0032,CONTROL-PANEL,6,1520.0,2025-03-24
PO100708,V0025,HYDRAULIC-PUMP,24,880.0,2025-04-24
PO100710,V0017,SENSOR-PROX,30,95.0,2025-02-03
PO100711,V0015,CONTROL-PANEL,37,1520.0,2025-01-08
PO100712,V0010,BEARING-SET,6,42.5,2025-03-27
PO100713,V0023,GEARBOX,27,2100.0,2025-04-07
PO100714,V0036,STEEL-COIL,25,1250.0,2025-04-15
PO100715,V0034,MOTOR-3PH,35,640.0,2025-03-29
PO100716,V0056,SENSOR-PROX,37,95.0,2025-04-23
PO100717,V0020,BEARING-SET,26,42.5,2025-04-26
PO100718,V0055,STEEL-COIL,33,1250.0,2025-03-15
PO100719,V0058,GEARBOX,37,2100.0,2025-03-28
PO100720,V0040,HYDRAULIC-PUMP,8,880.0,2025-04-07
PO100721,V0029,HYDRAULIC-PUMP,11,880.0,2025-01-28
PO100722,V0009,STEEL-COIL,28,1250.0,2025-01-11
PO100724,V0054,LUBRICANT-DRUM,17,220.0,2025-02-10
PO100725,V0059,BEARING-SET,6,42.5,2025-02-19
PO100726,V0036,MOTOR-3PH,36,640.0,2025-02-11
PO100727,V0055,CONTROL-PANEL,34,1520.0,2025-02-28
PO100728,V0001,LUBRICANT-DRUM,38,220.0,2025-03-08
PO100729,V0051,MOTOR-3PH,8,640.0,2025-02-23
PO100730,V0010,HYDRAULIC-PUMP,37,880.0,2025-03-17
PO100731,V0038,BEARING-SET,7,42.5,2025-03-14
PO100732,V0050,BEARING-SET,19,42.5,2025-04-22
PO100733,V0023,MOTOR-3PH,17,640.0,2025-02-19
PO100734,V0042,SENSOR-PROX,37,95.0,2025-03-19
PO100735,V0031,STEEL-COIL,12,1250.0,2025-02-05
PO100737,V0003,MOTOR-3PH,22,640.0,2025-03-30
PO100738,V0016,STEEL-COIL,31,1250.0,2025-04-28
PO100740,V0020,CONTROL-PANEL,32,1520.0,2025-04-20
PO100741,V0045,BEARING-SET,15,42.5,2025-01-18
PO100742,V0020,SENSOR-PROX,21,95.0,2025-02-04
PO100743,V0047,MOTOR-3PH,39,640.0,2025-03-24
PO100744,V0006,CONVEYOR-BELT,29,310.0,2025-01-28
PO100745,V0059,MOTOR-3PH,32,640.0,2025-04-08
PO100746,V0034,PALLET-WRAP,4,18.75,2025-03-07
PO100748,V0033,MOTOR-3PH,9,640.0,2025-04-10
PO100749,V0057,LUBRICANT-DRUM,2,220.0,2025-01-23
PO100750,V0013,CONVEYOR-BELT,4,310.0,2025-02-01
PO100752,V0046,CONVEYOR-BELT,18,310.0,2025-02-17
PO100753,V0033,MOTOR-3PH,8,640.0,2025-03-29
PO100754,V0002,CONVEYOR-BELT,24,310.0,2025-03-04
PO100755,V0039,SENSOR-PROX,12,95.0,2025-04-22
PO100756,V0031,LUBRICANT-DRUM,36,220.0,2025-02-14
PO100757,V0023,HYDRAULIC-PUMP,17,880.0,2025-04-06
PO100758,V0054,BEARING-SET,19,42.5,2025-01-04
PO100759,V0011,LUBRICANT-DRUM,14,220.0,2025-04-20
PO100760,V0015,CONVEYOR-BELT,14,310.0,2025-02-04
PO100761,V0042,MOTOR-3PH,33,640.0,2025-01-03
PO100762,V0056,STEEL-COIL,31,1250.0,2025-04-27
PO100763,V0009,HYDRAULIC-PUMP,39,880.0,2025-04-13
PO100764,V0001,CONVEYOR-BELT,17,310.0,2025-03-19
PO100765,V0052,CONTROL-PANEL,18,1520.0,2025-02-24
PO100766,V0058,MOTOR-3PH,23,640.0,2025-02-28
PO100767,V0017,CONVEYOR-BELT,30,310.0,2025-02-08
PO100768,V0044,GEARBOX,40,2100.0,2025-02-20
PO100769,V0038,BEARING-SET,1,42.5,2025-03-07
PO100770,V0043,PALLET-WRAP,36,18.75,2025-03-24
PO100771,V0039,LUBRICANT-DRUM,19,220.0,2025-02-08
PO100772,V0044,BEARING-SET,31,42.5,2025-01-09
PO100773,V0022,CONTROL-PANEL,21,1520.0,2025-04-21
PO100774,V0018,CONTROL-PANEL,20,1520.0,2025-01-25
PO100775,V0010,GEARBOX,16,2100.0,2025-04-26
PO100776,V0004,LUBRICANT-DRUM,26,220.0,2025-03-26
PO100777,V0021,HYDRAULIC-PUMP,2,880.0,2025-03-25
PO100778,V0032,CONTROL-PANEL,17,1520.0,2025-04-27
PO100779,V0027,MOTOR-3PH,25,640.0,2025-04-05
PO100780,V0003,LUBRICANT-DRUM,37,220.0,2025-04-15
PO100781,V0013,PALLET-WRAP,15,18.75,2025-03-29
PO100782,V0035,SENSOR-PROX,23,95.0,2025-03-06
PO100784,V0007,SENSOR-PROX,9,95.0,2025-04-05
PO100786,V0042,BEARING-SET,15,42.5,2025-02-15
PO100787,V0015,CONTROL-PANEL,27,1520.0,2025-04-11
PO100788,V0057,PALLET-WRAP,24,18.75,2025-02-03
PO100789,V0019,SENSOR-PROX,8,95.0,2025-03-02
PO100790,V0004,LUBRICANT-DRUM,38,220.0,2025-05-01
PO100791,V0005,SENSOR-PROX,13,95.0,2025-03-06
PO100792,V0008,MOTOR-3PH,34,640.0,2025-02-08
PO100794,V0027,LUBRICANT-DRUM,30,220.0,2025-01-19
PO100795,V0021,HYDRAULIC-PUMP,6,880.0,2025-03-04
PO100796,V0022,HYDRAULIC-PUMP,21,880.0,2025-03-23
PO100797,V0001,SENSOR-PROX,18,95.0,2025-01-27
PO100798,V0049,HYDRAULIC-PUMP,37,880.0,2025-04-08
PO100799,V0011,SENSOR-PROX,6,95.0,2025-01-17
PO100800,V0040,MOTOR-3PH,28,640.0,2025-02-21
PO100801,V0028,SENSOR-PROX,25,95.0,2025-01-01
PO100802,V0035,CONVEYOR-BELT,24,310.0,2025-01-02
PO100803,V0058,PALLET-WRAP,34,18.75,2025-01-25
PO100804,V0002,STEEL-COIL,16,1250.0,2025-01-29
PO100805,V0045,PALLET-WRAP,20,18.75,2025-01-17
PO100806,V0007,MOTOR-3PH,33,640.0,2025-03-17
PO100807,V0020,HYDRAULIC-PUMP,5,880.0,2025-04-16
PO100808,V0003,CONTROL-PANEL,19,1520.0,2025-02-28
PO100809,V0047,GEARBOX,39,2100.0,2025-03-09
PO100810,V0022,MOTOR-3PH,9,640.0,2025-02-13
PO100811,V0058,SENSOR-PROX,23,95.0,2025-04-07
PO100812,V0013,HYDRAULIC-PUMP,26,880.0,2025-01-03
PO100813,V0015,CONVEYOR-BELT,9,310.0,2025-01-28
PO100814,V0047,STEEL-COIL,38,1250.0,2025-03-06
PO100815,V0011,BEARING-SET,24,42.5,2025-04-02
PO100816,V0025,CONTROL-PANEL,35,1520.0,2025-03-21
PO100817,V0004,LUBRICANT-DRUM,4,220.0,2025-03-26
PO100818,V0007,STEEL-COIL,4,1250.0,2025-03-30
PO100819,V0008,MOTOR-3PH,29,640.0,2025-02-18
PO100821,V0014,STEEL-COIL,20,1250.0,2025-02-23
PO100822,V0043,BEARING-SET,34,42.5,2025-02-04
PO100823,V0045,HYDRAULIC-PUMP,27,880.0,2025-04-17
PO100824,V0058,BEARING-SET,33,42.5,2025-04-03
PO100825,V0019,BEARING-SET,7,42.5,2025-03-05
PO100826,V0013,LUBRICANT-DRUM,13,220.0,2025-04-10
PO100827,V0017,GEARBOX,13,2100.0,2025-02-15
PO100828,V0046,MOTOR-3PH,19,640.0,2025-01-21
PO100829,V0003,GEARBOX,32,2100.0,2025-04-27
PO100830,V0014,SENSOR-PROX,22,95.0,2025-01-31
PO100831,V0043,BEARING-SET,8,42.5,2025-04-17
PO100832,V0032,HYDRAULIC-PUMP,6,880.0,2025-04-10
PO100833,V0033,BEARING-SET,7,42.5,2025-04-26
PO100834,V0017,CONVEYOR-BELT,30,310.0,2025-02-07
PO100835,V0017,SENSOR-PROX,4,95.0,2025-01-13
PO100836,V0053,HYDRAULIC-PUMP,3,880.0,2025-04-20
PO100837,V0019,PALLET-WRAP,21,18.75,2025-02-24
PO100838,V0048,BEARING-SET,7,42.5,2025-04-19
PO100839,V0049,STEEL-COIL,1,1250.0,2025-04-20
PO100840,V0009,HYDRAULIC-PUMP,22,880.0,2025-02-15
PO100841,V0058,SENSOR-PROX,40,95.0,2025-02-04
PO100842,V0057,BEARING-SET,24,42.5,2025-04-15
PO100843,V0022,HYDRAULIC-PUMP,8,880.0,2025-02-21
PO100844,V0026,SENSOR-PROX,18,95.0,2025-04-17
PO100845,V0025,SENSOR-PROX,27,95.0,2025-03-25
PO100846,V0008,HYDRAULIC-PUMP,4,880.0,2025-05-01
PO100847,V0055,HYDRAULIC-PUMP,7,880.0,2025-02-23
PO100848,V0059,LUBRICANT-DRUM,31,220.0,2025-04-13
PO100849,V0037,SENSOR-PROX,12,95.0,2025-03-20
PO100850,V0025,PALLET-WRAP,40,18.75,2025-01-04
PO100851,V0056,HYDRAULIC-PUMP,31,880.0,2025-04-28
PO100852,V0032,BEARING-SET,27,42.5,2025-02-26
PO100853,V0003,BEARING-SET,17,42.5,2025-03-25
PO100854,V0021,STEEL-COIL,34,1250.0,2025-04-09
PO100855,V0048,LUBRICANT-DRUM,37,220.0,2025-01-29
PO100856,V0034,GEARBOX,40,2100.0,2025-01-13
PO100857,V0028,CONVEYOR-BELT,31,310.0,2025-02-14
PO100858,V0043,MOTOR-3PH,10,640.0,2025-04-18
PO100859,V0053,GEARBOX,40,2100.0,2025-01-07
PO100860,V0001,HYDRAULIC-PUMP,33,880.0,2025-04-19
PO100861,V0032,HYDRAULIC-PUMP,5,880.0,2025-04-07
PO100862,V0032,PALLET-WRAP,16,18.75,2025-02-12
PO100863,V0018,STEEL-COIL,33,1250.0,2025-01-29
PO100864,V0025,MOTOR-3PH,16,640.0,2025-01-11
PO100865,V0030,SENSOR-PROX,37,95.0,2025-02-27
PO100866,V0006,SENSOR-PROX,29,95.0,2025-02-10
PO100867,V0008,SENSOR-PROX,2,95.0,2025-01-14
PO100868,V0026,MOTOR-3PH,3,640.0,2025-03-13
PO100869,V0036,STEEL-COIL,6,1250.0,2025-04-12
PO100870,V0039,LUBRICANT-DRUM,20,220.0,2025-04-24
PO100871,V0033,GEARBOX,14,2100.0,2025-03-25
PO100872,V0043,SENSOR-PROX,22,95.0,2025-02-16
PO100873,V0053,STEEL-COIL,15,1250.0,2025-04-19
PO100874,V0030,PALLET-WRAP,36,18.75,2025-04-09
PO100875,V0040,LUBRICANT-DRUM,31,220.0,2025-04-02
PO100876,V0024,SENSOR-PROX,8,95.0,2025-01-13
PO100877,V0049,CONVEYOR-BELT,1,310.0,2025-02-13
PO100878,V0023,CONTROL-PANEL,36,1520.0,2025-03-08
PO100879,V0024,BEARING-SET,3,42.5,2025-04-25
PO100881,V0007,CONTROL-PANEL,40,1520.0,2025-01-26
PO100882,V0008,MOTOR-3PH,14,640.0,2025-02-28
PO100883,V0053,CONVEYOR-BELT,22,310.0,2025-01-14
PO100884,V0003,LUBRICANT-DRUM,8,220.0,2025-04-09
PO100885,V0058,SENSOR-PROX,30,95.0,2025-03-26
PO100886,V0033,HYDRAULIC-PUMP,32,880.0,2025-01-01
PO100888,V0054,LUBRICANT-DRUM,31,220.0,2025-04-29
PO100889,V0033,HYDRAULIC-PUMP,38,880.0,2025-01-23
PO100890,V0047,HYDRAULIC-PUMP,7,880.0,2025-02-19
PO100891,V0043,LUBRICANT-DRUM,39,220.0,2025-04-23
PO100892,V0021,GEARBOX,25,2100.0,2025-02-23
PO100893,V0039,CONVEYOR-BELT,18,310.0,2025-02-20
PO100894,V0022,CONTROL-PANEL,29,1520.0,2025-04-14
PO100895,V0009,HYDRAULIC-PUMP,27,880.0,2025-03-19
PO100896,V0045,GEARBOX,20,2100.0,2025-04-18
PO100898,V0060,GEARBOX,14,2100.0,2025-01-26
PO100899,V0014,LUBRICANT-DRUM,19,220.0,2025-03-29
PO100900,V0023,HYDRAULIC-PUMP,12,880.0,2025-03-06
PO100901,V0035,PALLET-WRAP,8,18.75,2025-04-08
PO100902,V0023,GEARBOX,31,2100.0,2025-03-16
PO100903,V0037,MOTOR-3PH,35,640.0,2025-02-06
PO100904,V0057,MOTOR-3PH,1,640.0,2025-03-08
PO100905,V0007,STEEL-COIL,25,1250.0,2025-01-19
PO100906,V0043,STEEL-COIL,13,1250.0,2025-02-04
PO100907,V0049,HYDRAULIC-PUMP,19,880.0,2025-03-29
PO100908,V0017,HYDRAULIC-PUMP,4,880.0,2025-03-30
PO100909,V0051,CONTROL-PANEL,14,1520.0,2025-04-07
PO100910,V0035,STEEL-COIL,23,1250.0,2025-04-15
PO100911,V0029,BEARING-SET,40,42.5,2025-04-22
PO100912,V0044,GEARBOX,15,2100.0,2025-04-06
PO100913,V0042,GEARBOX,25,2100.0,2025-01-31
PO100914,V0051,CONTROL-PANEL,4,1520.0,2025-04-29
PO100915,V0025,MOTOR-3PH,27,640.0,2025-04-11
PO100917,V0048,CONTROL-PANEL,13,1520.0,2025-03-21
PO100918,V0056,SENSOR-PROX,15,95.0,2025-04-27
PO100919,V0041,PALLET-WRAP,38,18.75,2025-03-11
PO100920,V0048,LUBRICANT-DRUM,13,220.0,2025-04-10
PO100921,V0047,CONVEYOR-BELT,19,310.0,2025-02-27
PO100922,V0012,BEARING-SET,12,42.5,2025-01-23
PO100923,V0048,GEARBOX,8,2100.0,2025-02-18
PO100924,V0003,MOTOR-3PH,18,640.0,2025-03-13
PO100925,V0017,HYDRAULIC-PUMP,11,880.0,2025-03-16
PO100926,V0055,CONTROL-PANEL,1,1520.0,2025-02-12
PO100927,V0030,HYDRAULIC-PUMP,3,880.0,2025-01-20
PO100928,V0060,PALLET-WRAP,39,18.75,2025-01-07
PO100929,V0050,LUBRICANT-DRUM,20,220.0,2025-03-04
PO100930,V0051,LUBRICANT-DRUM,36,220.0,2025-02-15
PO100931,V0005,PALLET-WRAP,34,18.75,2025-01-29
PO100932,V0012,GEARBOX,5,2100.0,2025-04-11
PO100933,V0033,HYDRAULIC-PUMP,27,880.0,2025-03-11
PO100935,V0057,CONVEYOR-BELT,22,310.0,2025-02-12
PO100936,V0014,LUBRICANT-DRUM,34,220.0,2025-03-02
PO100937,V0053,STEEL-COIL,8,1250.0,2025-03-27
PO100939,V0040,LUBRICANT-DRUM,16,220.0,2025-01-06
PO100940,V0044,PALLET-WRAP,25,18.75,2025-04-28
PO100941,V0051,BEARING-SET,25,42.5,2025-02-02
PO100942,V0035,CONTROL-PANEL,2,1520.0,2025-04-27
PO100943,V0034,PALLET-WRAP,33,18.75,2025-04-13
PO100944,V0033,SENSOR-PROX,32,95.0,2025-01-06
PO100945,V0019,CONVEYOR-BELT,21,310.0,2025-03-07
PO100946,V0006,BEARING-SET,11,42.5,2025-04-09
PO100947,V0035,GEARBOX,1,2100.0,2025-03-22
PO100948,V0005,CONVEYOR-BELT,14,310.0,2025-04-21
PO100949,V0044,MOTOR-3PH,7,640.0,2025-01-27
PO100950,V0035,MOTOR-3PH,5,640.0,2025-04-06
PO100951,V0044,HYDRAULIC-PUMP,2,880.0,2025-02-28
PO100952,V0046,PALLET-WRAP,3,18.75,2025-01-12
PO100953,V0005,STEEL-COIL,12,1250.0,2025-04-12
PO100954,V0017,GEARBOX,5,2100.0,2025-03-15
PO100955,V0053,CONVEYOR-BELT,17,310.0,2025-02-22
PO100956,V0025,SENSOR-PROX,26,95.0,2025-02-25
PO100957,V0021,STEEL-COIL,25,1250.0,2025-03-28
PO100958,V0008,GEARBOX,1,2100.0,2025-03-24
PO100959,V0047,LUBRICANT-DRUM,5,220.0,2025-04-07
PO100960,V0048,LUBRICANT-DRUM,3,220.0,2025-03-31
PO100961,V0055,BEARING-SET,23,42.5,2025-04-29
PO100962,V0033,BEARING-SET,19,42.5,2025-04-11
PO100963,V0044,CONTROL-PANEL,39,1520.0,2025-01-12
PO100964,V0049,SENSOR-PROX,25,95.0,2025-02-20
PO100965,V0053,STEEL-COIL,31,1250.0,2025-01-21
PO100966,V0035,CONVEYOR-BELT,9,310.0,2025-04-06
PO100967,V0026,GEARBOX,19,2100.0,2025-03-23
PO100968,V0010,CONTROL-PANEL,24,1520.0,2025-01-02
PO100969,V0056,GEARBOX,10,2100.0,2025-01-16
PO100970,V0003,STEEL-COIL,37,1250.0,2025-03-18
PO100971,V0026,GEARBOX,36,2100.0,2025-01-11
PO100972,V0020,CONVEYOR-BELT,23,310.0,2025-01-28
PO100973,V0042,GEARBOX,10,2100.0,2025-01-21
PO100974,V0012,CONVEYOR-BELT,40,310.0,2025-04-17
PO100975,V0017,CONVEYOR-BELT,8,310.0,2025-01-24
PO100976,V0043,LUBRICANT-DRUM,4,220.0,2025-04-19
PO100977,V0049,GEARBOX,30,2100.0,2025-03-24
PO100978,V0036,BEARING-SET,19,42.5,2025-03-27
PO100979,V0005,CONTROL-PANEL,7,1520.0,2025-01-26
PO100980,V0047,LUBRICANT-DRUM,32,220.0,2025-02-12
PO100981,V0023,HYDRAULIC-PUMP,16,880.0,2025-01-13
PO100982,V0019,LUBRICANT-DRUM,5,220.0,2025-04-26
PO100983,V0013,PALLET-WRAP,32,18.75,2025-02-27
PO100984,V0022,LUBRICANT-DRUM,20,220.0,2025-03-30
PO100985,V0038,HYDRAULIC-PUMP,37,880.0,2025-03-14
PO100986,V0024,PALLET-WRAP,28,18.75,2025-01-22
PO100987,V0001,PALLET-WRAP,16,18.75,2025-04-11
PO100988,V0015,MOTOR-3PH,18,640.0,2025-04-18
PO100989,V0024,HYDRAULIC-PUMP,22,880.0,2025-04-23
PO100990,V0031,SENSOR-PROX,29,95.0,2025-02-15
PO100991,V0032,GEARBOX,7,2100.0,2025-01-23
PO100993,V0055,HYDRAULIC-PUMP,35,880.0,2025-01-26
PO100994,V0017,BEARING-SET,5,42.5,2025-04-25
PO100995,V0002,GEARBOX,2,2100.0,2025-04-15
PO100996,V0038,LUBRICANT-DRUM,26,220.0,2025-04-09
PO100997,V0059,STEEL-COIL,36,1250.0,2025-02-03
PO100999,V0010,PALLET-WRAP,26,18.75,2025-01-29
