invoice_id,po_id,vendor_id,item,qty,unit_price,subtotal,tax,total,invoice_date,remit_bank
INV500000,PO100000,V0008,BEARING-SET,31,42.5,1317.5,105.4,1422.9,2025-02-27,ACCT23756669
INV500001,PO100001,V0050,PALLET-WRAP,33,18.75,618.75,49.5,668.25,2025-03-17,ACCT60806024
INV500002,PO100002,V0007,SENSOR-PROX,33,95.0,3135.0,250.8,3385.8,2025-01-29,ACCT28728463
INV500003,PO100003,V0040,STEEL-COIL,34,1250.0,42500.0,3400.0,45900.0,2025-02-08,ACCT60992979
INV500004,PO100004,V0030,STEEL-COIL,4,1250.0,5000.0,400.0,5400.0,2025-03-03,ACCT10872248
INV500005,PO100005,V0055,MOTOR-3PH,28,640.0,17920.0,1433.6,19353.6,2025-03-29,ACCT93016315
INV500006,PO100006,V0007,SENSOR-PROX,29,95.0,2755.0,220.4,2975.4,2025-01-10,ACCT28728463
INV500007,PO100007,V0058,BEARING-SET,21,42.5,892.5,71.4,963.9,2025-03-19,ACCT35808537
INV500008,PO981830,V0010,BEARING-SET,9,42.5,382.5,30.6,413.1,2025-02-05,ACCT21668732
INV500009,PO100009,V0041,LUBRICANT-DRUM,36,220.0,7920.0,633.6,8553.6,2025-04-02,ACCT22981052
INV500010,PO100010,V0021,MOTOR-3PH,39,640.0,24960.0,1996.8,26956.8,2025-03-09,ACCT85329037
INV500011,PO100011,V0019,SENSOR-PROX,33,95.0,3135.0,250.8,3385.8,2025-03-19,ACCT90801586
INV500012,PO100012,V0028,BEARING-SET,8,42.5,340.0,27.2,367.2,2025-04-20,ACCT89089901
INV500013,PO100013,V0042,GEARBOX,18,2100.0,37800.0,3024.0,40824.0,2025-02-25,ACCT58181396
INV500014,PO100014,V0057,CONVEYOR-BELT,27,310.0,8370.0,669.6,9039.6,2025-02-13,ACCT87490893
INV500015,PO100015,V0053,SENSOR-PROX,26,95.0,2470.0,197.6,2667.6,2025-02-23,ACCT49349722
INV500016,PO100016,V0047,BEARING-SET,21,42.5,892.5,71.4,963.9,2025-02-24,ACCT71662963
INV500017,PO100017,V0021,CONTROL-PANEL,24,1520.0,36480.0,2918.4,39398.4,2025-01-20,ACCT85329037
INV500018,PO100018,V0044,SENSOR-PROX,5,95.0,475.0,38.0,513.0,2025-01-12,ACCT91030736
INV500019,PO100019,V0054,BEARING-SET,6,42.5,255.0,20.4,275.4,2025-02-25,ACCT94374605
INV500020,PO100020,V0007,PALLET-WRAP,9,18.75,168.75,13.5,182.25,2025-03-13,ACCT28728463
INV500021,PO100021,V0004,LUBRICANT-DRUM,36,220.0,7920.0,633.6,8553.6,2025-03-13,ACCT46913810
INV500022,PO100022,V0022,BEARING-SET,27,42.5,1147.5,91.8,1239.3,2025-02-15,ACCT36687537
INV500023,PO100023,V0056,MOTOR-3PH,4,640.0,2560.0,204.8,2764.8,2025-02-06,ACCT58537831
INV500024,PO100024,V0039,CONTROL-PANEL,23,1771.69,40748.87,3259.91,44008.78,2025-01-14,ACCT22448136
INV500025,PO100025,V0014,HYDRAULIC-PUMP,31,880.0,27280.0,2182.4,29462.4,2025-01-29,ACCT13999315
INV500026,PO100026,V0055,BEARING-SET,23,42.5,977.5,78.2,1055.7,2025-04-19,ACCT93016315
INV500027,PO100027,V0036,PALLET-WRAP,8,18.75,150.0,12.0,162.0,2025-04-08,ACCT38898923
INV500028,PO100028,V0018,LUBRICANT-DRUM,19,220.0,4180.0,334.4,4514.4,2025-04-14,ACCT77827638
INV500029,PO100029,V0055,GEARBOX,40,2100.0,84000.0,6720.0,90720.0,2025-03-20,ACCT93016315
INV500030,PO100030,V0044,GEARBOX,2,2100.0,4200.0,336.0,4536.0,2025-03-19,ACCT91030736
INV500031,PO100031,V0060,CONTROL-PANEL,2,1520.0,3040.0,243.2,3283.2,2025-01-24,ACCT16150444
INV500032,PO100032,V0018,CONTROL-PANEL,22,1520.0,33440.0,2675.2,36115.2,2025-02-14,ACCT77827638
INV500033,PO100033,V0001,HYDRAULIC-PUMP,10,880.0,8800.0,704.0,9504.0,2025-03-14,ACCT95822412
INV500034,PO100034,V0043,MOTOR-3PH,5,640.0,3200.0,256.0,3456.0,2025-01-19,ACCT56164955
INV500035,PO100035,V0048,STEEL-COIL,6,1250.0,7500.0,600.0,8100.0,2025-04-06,ACCT81971316
INV500036,PO959460,V0034,CONVEYOR-BELT,25,310.0,7750.0,620.0,8370.0,2025-02-23,ACCT47295260
INV500037,PO100022,V0022,BEARING-SET,27,42.5,1147.5,91.8,1239.3,2025-02-09,ACCT36687537
INV500038,PO100038,V0050,LUBRICANT-DRUM,39,220.0,8580.0,686.4,9266.4,2025-01-11,ACCT60806024
INV500039,PO100039,V0057,STEEL-COIL,10,1250.0,12500.0,1000.0,13500.0,2025-01-21,ACCT87490893
INV500040,PO100040,V0049,LUBRICANT-DRUM,4,220.0,880.0,70.4,950.4,2025-03-28,ACCT26753883
INV500041,PO100041,V0006,CONTROL-PANEL,29,1520.0,44080.0,3526.4,47606.4,2025-03-26,ACCT39958838
INV500042,PO100042,V0028,SENSOR-PROX,39,95.0,3705.0,296.4,4001.4,2025-02-26,ACCT89089901
INV500043,PO100043,V0027,CONTROL-PANEL,14,1520.0,21280.0,1702.4,22982.4,2025-04-07,ACCT70291817
INV500044,PO100044,V0033,BEARING-SET,23,42.5,977.5,78.2,1055.7,2025-02-25,ACCT55667651
INV500045,PO100039,V0057,STEEL-COIL,10,1250.0,12500.0,1000.0,13500.0,2025-03-04,ACCT87490893
INV500046,PO100046,V0043,CONTROL-PANEL,3,1520.0,4560.0,364.8,4924.8,2025-01-29,ACCT56164955
INV500047,PO100047,V0026,LUBRICANT-DRUM,4,220.0,880.0,70.4,950.4,2025-01-01,ACCT39587039
INV500048,PO100048,V0014,CONTROL-PANEL,14,1520.0,21280.0,1702.4,22982.4,2025-04-09,ACCT13999315
INV500049,PO915726,V0009,CONTROL-PANEL,19,1520.0,28880.0,2310.4,31190.4,2025-02-11,ACCT83197857
INV500050,PO916932,V0001,SENSOR-PROX,28,95.0,2660.0,212.8,2872.8,2025-01-23,ACCT95822412
INV500051,PO100051,V0025,GEARBOX,15,2100.0,31500.0,2520.0,34020.0,2025-03-06,ACCT66306997
INV500052,PO100052,V0036,PALLET-WRAP,5,18.75,93.75,7.5,101.25,2025-02-20,ACCT38898923
INV500053,PO100053,V0056,STEEL-COIL,28,1250.0,35000.0,2800.0,37800.0,2025-01-03,ACCT58537831
INV500054,PO100054,V0030,BEARING-SET,21,42.5,892.5,71.4,963.9,2025-03-15,ACCT10872248
INV500055,PO100055,V0028,LUBRICANT-DRUM,26,220.0,5720.0,457.6,6177.6,2025-04-01,ACCT89089901
INV500056,PO100056,V0041,MOTOR-3PH,19,640.0,12160.0,972.8,13132.8,2025-01-15,ACCT22981052
INV500057,PO100057,V0026,STEEL-COIL,21,1250.0,26250.0,2100.0,28350.0,2025-01-22,ACCT39587039
INV500058,PO100058,V0052,LUBRICANT-DRUM,30,220.0,6600.0,528.0,7128.0,2025-04-17,ACCT84093639
INV500059,PO100059,V0045,PALLET-WRAP,6,18.75,112.5,9.0,121.5,2025-02-25,ACCT45503389
INV500060,PO100043,V0027,CONTROL-PANEL,14,1520.0,21280.0,1702.4,22982.4,2025-02-25,ACCT70291817
INV500061,PO100061,V0026,GEARBOX,6,2100.0,12600.0,1008.0,13608.0,2025-02-20,ACCT39587039
INV500062,PO100062,V0056,CONTROL-PANEL,22,1520.0,33440.0,2675.2,36115.2,2025-01-29,ACCT58537831
INV500063,PO100063,V0022,HYDRAULIC-PUMP,5,880.0,4400.0,352.0,4752.0,2025-03-07,ACCT36687537
INV500064,PO100064,V0041,BEARING-SET,34,42.5,1445.0,115.6,1560.6,2025-03-07,ACCT22981052
INV500065,PO100065,V0013,PALLET-WRAP,23,18.75,431.25,34.5,465.75,2025-04-04,ACCT14265799
INV500066,PO919194,V0053,HYDRAULIC-PUMP,16,880.0,14080.0,1126.4,15206.4,2025-01-14,ACCT49349722
INV500067,PO100067,V0017,CONVEYOR-BELT,12,334.98,4019.76,321.58,4341.34,2025-03-19,ACCT41227216
INV500068,PO100068,V0049,BEARING-SET,12,42.5,510.0,40.8,550.8,2025-04-09,ACCT26753883
INV500069,PO100069,V0041,SENSOR-PROX,30,95.0,2850.0,228.0,3078.0,2025-04-07,ACCT22981052
INV500070,PO100070,V0037,LUBRICANT-DRUM,29,220.0,6380.0,510.4,6890.4,2025-03-29,ACCT55176955
INV500071,PO100071,V0060,LUBRICANT-DRUM,40,220.0,8800.0,704.0,9504.0,2025-02-11,ACCT16150444
INV500072,PO100072,V0056,PALLET-WRAP,10,18.75,187.5,15.0,202.5,2025-02-26,ACCT58537831
INV500073,PO100073,V0005,SENSOR-PROX,32,95.0,3040.0,243.2,3283.2,2025-03-22,ACCT42868828
INV500074,PO100074,V0051,CONTROL-PANEL,38,1520.0,57760.0,4620.8,62380.8,2025-01-08,ACCT20576383
INV500075,PO100075,V0023,GEARBOX,5,2100.0,10500.0,840.0,11340.0,2025-02-09,ACCT97226012
INV500076,PO100076,V0030,SENSOR-PROX,3,95.0,285.0,22.8,307.8,2025-01-08,ACCT10872248
INV500077,PO100077,V0024,CONTROL-PANEL,5,1520.0,7600.0,608.0,8208.0,2025-03-24,ACCT22119391
INV500078,PO100078,V0040,LUBRICANT-DRUM,33,220.0,7260.0,580.8,7840.8,2025-02-19,ACCT60992979
INV500079,PO996851,V0030,LUBRICANT-DRUM,36,220.0,7920.0,633.6,8553.6,2025-04-12,ACCT10872248
INV500080,PO100080,V0058,STEEL-COIL,29,1250.0,36250.0,2900.0,39150.0,2025-04-27,ACCT35808537
INV500081,PO100081,V0052,LUBRICANT-DRUM,13,220.0,2860.0,228.8,3088.8,2025-02-11,ACCT84093639
INV500082,PO100082,V0039,SENSOR-PROX,33,95.0,3135.0,250.8,3385.8,2025-01-20,ACCT22448136
INV500083,PO100083,V0004,SENSOR-PROX,7,95.0,665.0,53.2,718.2,2025-04-14,ACCT46913810
INV500084,PO100084,V0058,PALLET-WRAP,6,18.75,112.5,9.0,121.5,2025-03-06,ACCT35808537
INV500085,PO100068,V0049,BEARING-SET,12,42.5,510.0,40.8,550.8,2025-02-01,ACCT26753883
INV500086,PO100086,V0029,GEARBOX,34,2100.0,71400.0,5712.0,77112.0,2025-03-20,ACCT47338124
INV500087,PO100087,V0011,PALLET-WRAP,24,18.75,450.0,36.0,486.0,2025-04-28,ACCT89254563
INV500088,PO100088,V0019,MOTOR-3PH,27,640.0,17280.0,1382.4,18662.4,2025-04-10,ACCT90801586
INV500089,PO100089,V0022,LUBRICANT-DRUM,4,220.0,880.0,70.4,950.4,2025-04-12,ACCT36687537
INV500090,PO100090,V0041,PALLET-WRAP,5,18.75,93.75,7.5,101.25,2025-02-12,ACCT22981052
INV500091,PO100091,V0007,GEARBOX,25,2100.0,52500.0,4200.0,56700.0,2025-02-06,ACCT28728463
INV500092,PO100092,V0017,LUBRICANT-DRUM,11,220.0,2420.0,193.6,2613.6,2025-02-12,ACCT41227216
INV500093,PO100093,V0038,HYDRAULIC-PUMP,23,880.0,20240.0,1619.2,21859.2,2025-02-09,ACCT23718431
INV500094,PO100094,V0042,MOTOR-3PH,9,640.0,5760.0,460.8,6220.8,2025-03-18,ACCT58181396
INV500095,PO100095,V0046,BEARING-SET,20,42.5,850.0,68.0,918.0,2025-03-13,ACCT15831819
INV500096,PO100096,V0025,PALLET-WRAP,9,18.75,168.75,13.5,182.25,2025-03-27,ACCT66306997
INV500097,PO100064,V0041,BEARING-SET,34,42.5,1445.0,115.6,1560.6,2025-03-24,ACCT22981052
INV500098,PO100098,V0033,PALLET-WRAP,2,18.75,37.5,3.0,40.5,2025-02-16,ACCT55667651
INV500099,PO100099,V0020,HYDRAULIC-PUMP,14,880.0,12320.0,985.6,13305.6,2025-02-13,ACCT13561597
INV500100,PO918030,V0050,SENSOR-PROX,13,95.0,1235.0,98.8,1333.8,2025-01-29,ACCT60806024
INV500101,PO100101,V0010,BEARING-SET,19,42.5,807.5,64.6,872.1,2025-04-19,ACCT21668732
INV500102,PO100102,V0051,BEARING-SET,33,42.5,1402.5,112.2,1514.7,2025-04-09,ACCT20576383
INV500103,PO100103,V0035,GEARBOX,3,2100.0,6300.0,504.0,6804.0,2025-03-26,ACCT30868105
INV500104,PO100104,V0022,LUBRICANT-DRUM,9,220.0,1980.0,158.4,2138.4,2025-03-18,ACCT36687537
INV500105,PO100105,V0025,HYDRAULIC-PUMP,11,880.0,9680.0,774.4,10454.4,2025-01-24,ACCT66306997
INV500106,PO100106,V0054,LUBRICANT-DRUM,11,220.0,2420.0,193.6,2613.6,2025-04-03,ACCT94374605
INV500107,PO100107,V0029,STEEL-COIL,27,1250.0,33750.0,2700.0,36450.0,2025-02-16,ACCT47338124
INV500108,PO100108,V0044,CONVEYOR-BELT,29,310.0,8990.0,719.2,9709.2,2025-03-20,ACCT91030736
INV500109,PO100109,V0019,SENSOR-PROX,15,95.0,1425.0,114.0,1539.0,2025-03-10,ACCT90801586
INV500110,PO100110,V0016,CONTROL-PANEL,31,1520.0,47120.0,3769.6,50889.6,2025-04-26,ACCT39345092
INV500111,PO100111,V0054,CONVEYOR-BELT,24,310.0,7440.0,595.2,8035.2,2025-03-28,ACCT94374605
INV500112,PO100112,V0037,SENSOR-PROX,30,95.0,2850.0,228.0,3078.0,2025-04-09,ACCT55176955
INV500113,PO100113,V0019,MOTOR-3PH,33,640.0,21120.0,1689.6,22809.6,2025-03-09,ACCT90801586
INV500114,PO100114,V0027,HYDRAULIC-PUMP,18,880.0,15840.0,1267.2,17107.2,2025-04-13,ACCT70291817
INV500115,PO100115,V0009,CONTROL-PANEL,4,1742.1,6968.4,557.47,7525.87,2025-03-24,ACCT83197857
INV500116,PO100116,V0024,GEARBOX,7,2100.0,14700.0,1176.0,15876.0,2025-04-02,ACCT83140807
INV500117,PO100117,V0055,GEARBOX,8,2100.0,16800.0,1344.0,18144.0,2025-02-06,ACCT93016315
INV500118,PO100118,V0006,HYDRAULIC-PUMP,18,1083.33,19499.94,1560.0,21059.94,2025-02-27,ACCT39958838
INV500119,PO100119,V0010,MOTOR-3PH,6,640.0,3840.0,307.2,4147.2,2025-04-27,ACCT21668732
INV500120,PO100120,V0015,SENSOR-PROX,23,100.26,2305.98,184.48,2490.46,2025-04-30,ACCT22575562
INV500121,PO100121,V0004,MOTOR-3PH,35,640.0,22400.0,1792.0,24192.0,2025-02-17,ACCT46913810
INV500122,PO100122,V0025,BEARING-SET,24,44.86,1076.64,86.13,1162.77,2025-01-29,ACCT66306997
INV500123,PO100123,V0060,BEARING-SET,22,42.5,935.0,74.8,1009.8,2025-04-12,ACCT16150444
INV500124,PO100124,V0010,HYDRAULIC-PUMP,3,880.0,2640.0,211.2,2851.2,2025-02-06,ACCT21668732
INV500125,PO100125,V0059,SENSOR-PROX,9,95.0,855.0,68.4,923.4,2025-04-08,ACCT19335534
INV500126,PO100126,V0046,SENSOR-PROX,29,95.0,2755.0,220.4,2975.4,2025-03-20,ACCT15831819
INV500127,PO100127,V0001,BEARING-SET,2,42.5,85.0,6.8,91.8,2025-02-02,ACCT95822412
INV500128,PO100128,V0014,HYDRAULIC-PUMP,36,880.0,31680.0,2534.4,34214.4,2025-05-01,ACCT13999315
INV500129,PO100129,V0047,LUBRICANT-DRUM,34,220.0,7480.0,598.4,8078.4,2025-02-24,ACCT71662963
INV500130,PO100130,V0008,CONTROL-PANEL,16,1520.0,24320.0,1945.6,26265.6,2025-02-08,ACCT23756669
INV500131,PO100131,V0008,STEEL-COIL,16,1250.0,20000.0,1600.0,21600.0,2025-02-23,ACCT23756669
INV500132,PO100132,V0041,LUBRICANT-DRUM,30,220.0,6600.0,528.0,7128.0,2025-01-09,ACCT22981052
INV500133,PO100133,V0008,SENSOR-PROX,39,95.0,3705.0,296.4,4001.4,2025-03-10,ACCT23756669
INV500134,PO100134,V0002,GEARBOX,39,2100.0,81900.0,6552.0,88452.0,2025-01-31,ACCT24942603
INV500135,PO100135,V0019,MOTOR-3PH,1,640.0,640.0,51.2,691.2,2025-03-20,ACCT90801586
INV500136,PO100136,V0023,CONVEYOR-BELT,37,310.0,11470.0,917.6,12387.6,2025-02-23,ACCT97226012
INV500137,PO100137,V0012,BEARING-SET,34,42.5,1445.0,115.6,1560.6,2025-02-16,ACCT66629388
INV500138,PO100138,V0005,GEARBOX,35,2100.0,73500.0,5880.0,79380.0,2025-03-06,ACCT42868828
INV500139,PO100139,V0051,GEARBOX,36,2368.99,85283.64,6822.69,92106.33,2025-01-03,ACCT20576383
INV500140,PO100140,V0031,STEEL-COIL,25,1250.0,31250.0,2500.0,33750.0,2025-02-17,ACCT31429110
INV500141,PO100141,V0017,STEEL-COIL,23,1250.0,28750.0,2300.0,31050.0,2025-04-11,ACCT41227216
INV500142,PO100142,V0005,PALLET-WRAP,17,18.75,318.75,25.5,344.25,2025-04-04,ACCT42868828
INV500143,PO100143,V0050,LUBRICANT-DRUM,22,220.0,4840.0,387.2,5227.2,2025-01-18,ACCT60806024
INV500144,PO100144,V0003,PALLET-WRAP,35,18.75,656.25,52.5,708.75,2025-02-13,ACCT13356886
INV500145,PO100145,V0053,HYDRAULIC-PUMP,34,880.0,29920.0,2393.6,32313.6,2025-03-31,ACCT49349722
INV500146,PO100146,V0041,HYDRAULIC-PUMP,9,880.0,7920.0,633.6,8553.6,2025-01-09,ACCT71428713
INV500147,PO100147,V0003,CONTROL-PANEL,13,1520.0,19760.0,1580.8,21340.8,2025-01-06,ACCT13356886
INV500148,PO940642,V0051,CONVEYOR-BELT,3,310.0,930.0,74.4,1004.4,2025-02-10,ACCT20576383
INV500149,PO100149,V0033,MOTOR-3PH,35,640.0,22400.0,2690.97,25090.97,2025-03-02,ACCT55667651
INV500150,PO100150,V0049,CONVEYOR-BELT,19,310.0,5890.0,471.2,6361.2,2025-02-15,ACCT26753883
INV500151,PO100151,V0056,STEEL-COIL,22,1250.0,27500.0,2200.0,29700.0,2025-02-04,ACCT58537831
INV500152,PO100152,V0008,PALLET-WRAP,32,18.75,600.0,48.0,648.0,2025-04-24,ACCT23756669
INV500153,PO100153,V0048,SENSOR-PROX,25,95.0,2375.0,190.0,2565.0,2025-02-13,ACCT81971316
INV500154,PO100154,V0012,SENSOR-PROX,32,95.0,3040.0,243.2,3283.2,2025-02-17,ACCT66629388
INV500155,PO100155,V0060,GEARBOX,19,2100.0,39900.0,3192.0,43092.0,2025-04-13,ACCT16150444
INV500156,PO100156,V0047,MOTOR-3PH,6,640.0,3840.0,307.2,4147.2,2025-02-25,ACCT71662963
INV500157,PO100157,V0039,HYDRAULIC-PUMP,35,880.0,30800.0,2464.0,33264.0,2025-02-07,ACCT22448136
INV500158,PO100158,V0021,BEARING-SET,6,50.24,301.44,24.12,325.56,2025-02-11,ACCT85329037
INV500159,PO100159,V0020,SENSOR-PROX,43,95.0,4085.0,326.8,4411.8,2025-04-02,ACCT13561597
INV500160,PO100160,V0011,SENSOR-PROX,23,95.0,2185.0,174.8,2359.8,2025-02-27,ACCT89254563
INV500161,PO100161,V0003,PALLET-WRAP,40,18.75,750.0,60.0,810.0,2025-02-25,ACCT13356886
INV500162,PO100162,V0018,STEEL-COIL,5,1250.0,6250.0,500.0,6750.0,2025-03-27,ACCT77827638
INV500163,PO100163,V0041,MOTOR-3PH,24,640.0,15360.0,1228.8,16588.8,2025-03-07,ACCT22981052
INV500164,PO100164,V0052,HYDRAULIC-PUMP,2,880.0,1760.0,140.8,1900.8,2025-01-19,ACCT84093639
INV500165,PO100165,V0055,LUBRICANT-DRUM,29,220.0,6380.0,510.4,6890.4,2025-01-05,ACCT93016315
INV500166,PO984562,V0009,BEARING-SET,16,42.5,680.0,54.4,734.4,2025-04-10,ACCT83197857
INV500167,PO100167,V0024,PALLET-WRAP,25,19.81,495.25,39.62,534.87,2025-03-14,ACCT83140807
INV500168,PO100168,V0010,SENSOR-PROX,24,95.0,2280.0,182.4,2462.4,2025-02-17,ACCT21668732
INV500169,PO100169,V0029,BEARING-SET,37,42.5,1572.5,125.8,1698.3,2025-01-18,ACCT47338124
INV500170,PO100170,V0034,PALLET-WRAP,26,18.75,487.5,39.0,526.5,2025-02-10,ACCT47295260
INV500171,PO100171,V0042,CONTROL-PANEL,16,1520.0,24320.0,1945.6,26265.6,2025-01-15,ACCT58181396
INV500172,PO100172,V0002,HYDRAULIC-PUMP,32,880.0,28160.0,2252.8,30412.8,2025-03-08,ACCT24942603
INV500173,PO100173,V0025,GEARBOX,8,2100.0,16800.0,1344.0,18144.0,2025-02-03,ACCT66306997
INV500174,PO100174,V0050,CONTROL-PANEL,29,1520.0,44080.0,3526.4,47606.4,2025-01-28,ACCT60806024
INV500175,PO100175,V0040,CONTROL-PANEL,32,1520.0,48640.0,3891.2,52531.2,2025-01-26,ACCT60992979
INV500176,PO100176,V0008,HYDRAULIC-PUMP,5,880.0,4400.0,352.0,4752.0,2025-02-27,ACCT23756669
INV500177,PO100177,V0012,SENSOR-PROX,6,95.0,570.0,78.25,648.25,2025-04-14,ACCT66629388
INV500178,PO100178,V0055,PALLET-WRAP,23,18.75,431.25,34.5,465.75,2025-04-01,ACCT93016315
INV500179,PO100179,V0005,GEARBOX,35,2579.36,90277.6,7222.21,97499.81,2025-02-07,ACCT42868828
INV500180,PO100180,V0055,HYDRAULIC-PUMP,12,880.0,10560.0,844.8,11404.8,2025-04-12,ACCT93016315
INV500181,PO100181,V0024,GEARBOX,17,2100.0,35700.0,2856.0,38556.0,2025-01-16,ACCT83140807
INV500182,PO100182,V0051,HYDRAULIC-PUMP,16,880.0,14080.0,1126.4,15206.4,2025-04-12,ACCT20576383
INV500183,PO100183,V0032,STEEL-COIL,24,1455.57,34933.68,2794.69,37728.37,2025-03-12,ACCT66722344
INV500184,PO100184,V0030,GEARBOX,9,2100.0,18900.0,1512.0,20412.0,2025-03-20,ACCT10872248
INV500185,PO100185,V0057,BEARING-SET,5,42.5,212.5,17.0,229.5,2025-02-09,ACCT87490893
INV500186,PO100186,V0026,SENSOR-PROX,34,95.0,3230.0,258.4,3488.4,2025-02-22,ACCT39587039
INV500187,PO100187,V0050,MOTOR-3PH,37,688.04,25457.48,2036.6,27494.08,2025-01-10,ACCT60806024
INV500188,PO100188,V0021,BEARING-SET,29,42.5,1232.5,98.6,1331.1,2025-03-01,ACCT85329037
INV500189,PO100189,V0044,GEARBOX,23,2100.0,48300.0,3864.0,52164.0,2025-01-17,ACCT91030736
INV500190,PO100190,V0057,GEARBOX,40,2100.0,84000.0,6720.0,90720.0,2025-01-24,ACCT87490893
INV500191,PO100191,V0028,GEARBOX,5,2100.0,10500.0,840.0,11340.0,2025-04-17,ACCT89089901
INV500192,PO100192,V0034,HYDRAULIC-PUMP,20,880.0,17600.0,1408.0,19008.0,2025-01-22,ACCT47295260
INV500193,PO100193,V0011,PALLET-WRAP,15,18.75,281.25,22.5,303.75,2025-02-14,ACCT89254563
INV500194,PO100194,V0034,CONTROL-PANEL,6,1520.0,9120.0,729.6,9849.6,2025-02-02,ACCT47295260
INV500195,PO100195,V0013,GEARBOX,18,2100.0,37800.0,3024.0,40824.0,2025-01-17,ACCT14265799
INV500196,PO100196,V0041,CONTROL-PANEL,40,1520.0,60800.0,4864.0,65664.0,2025-03-10,ACCT22981052
INV500197,PO100197,V0006,GEARBOX,11,2600.47,28605.17,2288.41,30893.58,2025-03-17,ACCT39958838
INV500198,PO100198,V0010,HYDRAULIC-PUMP,45,880.0,39600.0,3168.0,42768.0,2025-04-03,ACCT21668732
INV500199,PO100199,V0022,LUBRICANT-DRUM,3,220.0,660.0,52.8,712.8,2025-04-16,ACCT36687537
INV500200,PO100200,V0056,STEEL-COIL,6,1250.0,7500.0,600.0,8100.0,2025-01-06,ACCT58537831
INV500201,PO100201,V0042,LUBRICANT-DRUM,17,220.0,3740.0,299.2,4039.2,2025-03-25,ACCT58181396
INV500202,PO100202,V0014,LUBRICANT-DRUM,27,220.0,5940.0,475.2,6415.2,2025-03-21,ACCT13999315
INV500203,PO100203,V0041,STEEL-COIL,32,1250.0,40000.0,3200.0,43200.0,2025-04-24,ACCT22981052
INV500204,PO100204,V0041,GEARBOX,19,2100.0,39900.0,3192.0,43092.0,2025-03-24,ACCT22981052
INV500205,PO100205,V0020,SENSOR-PROX,16,95.0,1520.0,121.6,1641.6,2025-04-14,ACCT13561597
INV500206,PO100020,V0007,PALLET-WRAP,9,18.75,168.75,13.5,182.25,2025-02-28,ACCT28728463
INV500207,PO100207,V0045,STEEL-COIL,11,1250.0,13750.0,1100.0,14850.0,2025-02-26,ACCT45503389
INV500208,PO100208,V0027,SENSOR-PROX,30,95.0,2850.0,228.0,3078.0,2025-01-27,ACCT70291817
INV500209,PO100209,V0022,LUBRICANT-DRUM,10,220.0,2200.0,176.0,2376.0,2025-02-10,ACCT36687537
INV500210,PO100210,V0056,PALLET-WRAP,23,18.75,431.25,34.5,465.75,2025-02-21,ACCT58537831
INV500211,PO100211,V0009,PALLET-WRAP,33,20.09,662.97,53.04,716.01,2025-03-13,ACCT83197857
INV500212,PO100212,V0016,SENSOR-PROX,8,95.0,760.0,60.8,820.8,2025-02-04,ACCT39345092
INV500213,PO100213,V0029,CONVEYOR-BELT,10,310.0,3100.0,248.0,3348.0,2025-01-13,ACCT47338124
INV500214,PO100214,V0004,CONTROL-PANEL,30,1520.0,45600.0,3648.0,49248.0,2025-04-21,ACCT46913810
INV500215,PO100215,V0027,CONVEYOR-BELT,11,310.0,3410.0,272.8,3682.8,2025-04-15,ACCT70291817
INV500216,PO100216,V0021,LUBRICANT-DRUM,21,220.0,4620.0,369.6,4989.6,2025-01-25,ACCT85329037
INV500217,PO100151,V0056,STEEL-COIL,22,1250.0,27500.0,2200.0,29700.0,2025-03-07,ACCT58537831
INV500218,PO100218,V0032,CONTROL-PANEL,32,1520.0,48640.0,3891.2,52531.2,2025-01-03,ACCT66722344
INV500219,PO100219,V0006,MOTOR-3PH,35,640.0,22400.0,1792.0,24192.0,2025-02-28,ACCT39958838
INV500220,PO100220,V0014,LUBRICANT-DRUM,23,220.0,5060.0,404.8,5464.8,2025-01-07,ACCT13999315
INV500221,PO100221,V0004,CONTROL-PANEL,32,1520.0,48640.0,3891.2,52531.2,2025-03-18,ACCT46913810
INV500222,PO100222,V0057,SENSOR-PROX,19,95.0,1805.0,144.4,1949.4,2025-03-10,ACCT87490893
INV500223,PO100223,V0001,BEARING-SET,28,42.5,1190.0,95.2,1285.2,2025-01-18,ACCT95822412
INV500224,PO100224,V0057,CONTROL-PANEL,24,1520.0,36480.0,2918.4,39398.4,2025-04-08,ACCT87490893
INV500225,PO100225,V0026,PALLET-WRAP,3,18.75,56.25,4.5,60.75,2025-02-21,ACCT39587039
INV500226,PO100226,V0004,LUBRICANT-DRUM,36,220.0,7920.0,633.6,8553.6,2025-01-25,ACCT46913810
INV500227,PO100227,V0024,GEARBOX,19,2100.0,39900.0,3192.0,43092.0,2025-01-10,ACCT83140807
INV500228,PO100228,V0025,GEARBOX,29,2100.0,60900.0,4872.0,65772.0,2025-04-08,ACCT66306997
INV500229,PO100229,V0036,CONTROL-PANEL,40,1520.0,60800.0,4864.0,65664.0,2025-03-29,ACCT38898923
INV500230,PO100230,V0040,BEARING-SET,9,42.5,382.5,30.6,413.1,2025-01-13,ACCT60992979
INV500231,PO100231,V0026,PALLET-WRAP,25,18.75,468.75,37.5,506.25,2025-03-13,ACCT39587039
INV500232,PO100232,V0049,HYDRAULIC-PUMP,13,880.0,11440.0,915.2,12355.2,2025-03-19,ACCT26753883
INV500233,PO100233,V0033,MOTOR-3PH,33,640.0,21120.0,1689.6,22809.6,2025-01-06,ACCT55667651
INV500234,PO100234,V0003,STEEL-COIL,9,1250.0,11250.0,900.0,12150.0,2025-04-02,ACCT13356886
INV500235,PO100235,V0022,SENSOR-PROX,34,95.0,3230.0,258.4,3488.4,2025-02-28,ACCT36687537
INV500236,PO942987,V0010,LUBRICANT-DRUM,33,220.0,7260.0,580.8,7840.8,2025-01-18,ACCT21668732
INV500237,PO100237,V0060,LUBRICANT-DRUM,21,220.0,4620.0,369.6,4989.6,2025-01-21,ACCT16150444
INV500238,PO100238,V0026,LUBRICANT-DRUM,20,220.0,4400.0,352.0,4752.0,2025-03-17,ACCT39587039
INV500239,PO100239,V0022,GEARBOX,33,2100.0,69300.0,5544.0,74844.0,2025-03-10,ACCT36687537
INV500240,PO100240,V0032,LUBRICANT-DRUM,20,220.0,4400.0,352.0,4752.0,2025-03-02,ACCT66722344
INV500241,PO100241,V0053,STEEL-COIL,24,1250.0,30000.0,2400.0,32400.0,2025-02-12,ACCT49349722
INV500242,PO100242,V0044,BEARING-SET,27,42.5,1147.5,91.8,1239.3,2025-03-16,ACCT91030736
INV500243,PO100243,V0020,STEEL-COIL,39,1250.0,48750.0,3900.0,52650.0,2025-03-02,ACCT13561597
INV500244,PO100244,V0017,LUBRICANT-DRUM,37,220.0,8140.0,651.2,8791.2,2025-01-30,ACCT41227216
INV500245,PO100245,V0047,STEEL-COIL,38,1355.13,51494.94,4119.6,55614.54,2025-03-03,ACCT71662963
INV500246,PO100246,V0041,LUBRICANT-DRUM,25,220.0,5500.0,440.0,5940.0,2025-01-19,ACCT22981052
INV500247,PO100247,V0053,CONVEYOR-BELT,3,310.0,930.0,74.4,1004.4,2025-03-15,ACCT49349722
INV500248,PO100248,V0045,BEARING-SET,13,48.37,628.81,50.3,679.11,2025-01-03,ACCT45503389
INV500249,PO100249,V0027,HYDRAULIC-PUMP,27,880.0,23760.0,1900.8,25660.8,2025-03-30,ACCT70291817
INV500250,PO100203,V0041,STEEL-COIL,32,1250.0,40000.0,3200.0,43200.0,2025-04-10,ACCT22981052
INV500251,PO100251,V0059,SENSOR-PROX,4,95.0,380.0,30.4,410.4,2025-04-01,ACCT19335534
INV500252,PO942604,V0009,GEARBOX,14,2100.0,29400.0,2352.0,31752.0,2025-03-13,ACCT83197857
INV500253,PO100253,V0043,SENSOR-PROX,34,95.0,3230.0,258.4,3488.4,2025-02-18,ACCT56164955
INV500254,PO100254,V0021,HYDRAULIC-PUMP,30,880.0,26400.0,2112.0,28512.0,2025-04-27,ACCT85329037
INV500255,PO100255,V0035,PALLET-WRAP,35,18.75,656.25,52.5,708.75,2025-02-15,ACCT30868105
INV500256,PO100058,V0052,LUBRICANT-DRUM,30,220.0,6600.0,528.0,7128.0,2025-03-03,ACCT84093639
INV500257,PO100257,V0016,CONTROL-PANEL,36,1520.0,54720.0,4377.6,59097.6,2025-02-08,ACCT39345092
INV500258,PO100258,V0015,CONTROL-PANEL,19,1520.0,28880.0,2310.4,31190.4,2025-04-01,ACCT22575562
INV500259,PO945718,V0014,SENSOR-PROX,21,95.0,1995.0,159.6,2154.6,2025-03-03,ACCT13999315
INV500260,PO100260,V0036,CONTROL-PANEL,19,1770.34,33636.46,2690.92,36327.38,2025-01-16,ACCT38898923
INV500261,PO100261,V0035,MOTOR-3PH,26,640.0,16640.0,1331.2,17971.2,2025-04-15,ACCT30868105
INV500262,PO100262,V0023,HYDRAULIC-PUMP,19,880.0,16720.0,1337.6,18057.6,2025-01-06,ACCT97226012
INV500263,PO100263,V0019,BEARING-SET,23,42.5,977.5,78.2,1055.7,2025-04-29,ACCT90801586
INV500264,PO100264,V0029,CONTROL-PANEL,31,1657.43,51380.33,4110.43,55490.76,2025-01-28,ACCT47338124
INV500265,PO100265,V0035,CONTROL-PANEL,36,1520.0,54720.0,4377.6,59097.6,2025-03-31,ACCT30868105
INV500266,PO100266,V0018,HYDRAULIC-PUMP,7,880.0,6160.0,492.8,6652.8,2025-03-20,ACCT77827638
INV500267,PO100267,V0048,LUBRICANT-DRUM,16,220.0,3520.0,281.6,3801.6,2025-02-01,ACCT81971316
INV500268,PO100268,V0004,GEARBOX,15,2302.79,34541.85,2763.35,37305.2,2025-03-23,ACCT46913810
INV500269,PO100269,V0007,MOTOR-3PH,22,640.0,14080.0,1126.4,15206.4,2025-04-02,ACCT28728463
INV500270,PO100270,V0031,BEARING-SET,9,42.5,382.5,30.6,413.1,2025-01-01,ACCT31429110
INV500271,PO100271,V0036,HYDRAULIC-PUMP,27,880.0,23760.0,1900.8,25660.8,2025-03-25,ACCT38898923
INV500272,PO100272,V0060,SENSOR-PROX,31,95.0,2945.0,235.6,3180.6,2025-03-25,ACCT16150444
INV500273,PO100273,V0013,CONTROL-PANEL,21,1520.0,31920.0,2553.6,34473.6,2025-02-06,ACCT14265799
INV500274,PO100274,V0042,STEEL-COIL,6,1250.0,7500.0,600.0,8100.0,2025-03-25,ACCT58181396
INV500275,PO100275,V0037,CONVEYOR-BELT,35,310.0,10850.0,868.0,11718.0,2025-04-05,ACCT55176955
INV500276,PO100276,V0047,STEEL-COIL,12,1250.0,15000.0,1200.0,16200.0,2025-02-23,ACCT71662963
INV500277,PO100277,V0057,HYDRAULIC-PUMP,3,880.0,2640.0,211.2,2851.2,2025-04-18,ACCT87490893
INV500278,PO100278,V0026,SENSOR-PROX,12,95.0,1140.0,91.2,1231.2,2025-04-30,ACCT39587039
INV500279,PO939110,V0048,CONTROL-PANEL,3,1520.0,4560.0,364.8,4924.8,2025-01-02,ACCT81971316
INV500280,PO100280,V0037,LUBRICANT-DRUM,7,220.0,1540.0,123.2,1663.2,2025-04-29,ACCT55176955
INV500281,PO100281,V0022,CONTROL-PANEL,30,1520.0,45600.0,6006.98,51606.98,2025-03-24,ACCT36687537
INV500282,PO100282,V0032,HYDRAULIC-PUMP,33,880.0,29040.0,2323.2,31363.2,2025-03-01,ACCT66722344
INV500283,PO100283,V0018,CONVEYOR-BELT,8,310.0,2480.0,288.92,2768.92,2025-02-12,ACCT77827638
INV500284,PO100284,V0030,CONTROL-PANEL,12,1520.0,18240.0,1459.2,19699.2,2025-01-02,ACCT10872248
INV500285,PO100285,V0048,PALLET-WRAP,19,18.75,356.25,28.5,384.75,2025-03-14,ACCT81971316
INV500286,PO100286,V0044,CONVEYOR-BELT,12,310.0,3720.0,297.6,4017.6,2025-03-20,ACCT91030736
INV500287,PO100287,V0055,MOTOR-3PH,28,640.0,17920.0,1433.6,19353.6,2025-03-07,ACCT93016315
INV500288,PO100288,V0021,BEARING-SET,26,42.5,1105.0,88.4,1193.4,2025-03-27,ACCT85329037
INV500289,PO100289,V0007,HYDRAULIC-PUMP,9,880.0,7920.0,633.6,8553.6,2025-03-03,ACCT28728463
INV500290,PO950275,V0021,CONVEYOR-BELT,1,310.0,310.0,24.8,334.8,2025-02-03,ACCT85329037
INV500291,PO100291,V0016,SENSOR-PROX,18,95.0,1710.0,136.8,1846.8,2025-02-12,ACCT39345092
INV500292,PO100292,V0020,LUBRICANT-DRUM,37,220.0,8140.0,651.2,8791.2,2025-01-02,ACCT13561597
INV500293,PO100293,V0017,PALLET-WRAP,16,22.19,355.04,28.4,383.44,2025-01-08,ACCT41227216
INV500294,PO100294,V0030,CONTROL-PANEL,11,1520.0,16720.0,1337.6,18057.6,2025-02-21,ACCT10872248
INV500295,PO100295,V0044,GEARBOX,20,2100.0,42000.0,3360.0,45360.0,2025-03-30,ACCT25759274
INV500296,PO100296,V0041,CONTROL-PANEL,24,1520.0,36480.0,2918.4,39398.4,2025-03-20,ACCT22981052
INV500297,PO100297,V0015,CONVEYOR-BELT,9,310.0,2790.0,223.2,3013.2,2025-03-03,ACCT22575562
INV500298,PO100298,V0010,SENSOR-PROX,39,95.0,3705.0,296.4,4001.4,2025-02-17,ACCT21668732
INV500299,PO100299,V0027,GEARBOX,31,2100.0,65100.0,5208.0,70308.0,2025-04-07,ACCT70291817
INV500300,PO100300,V0035,CONVEYOR-BELT,16,310.0,4960.0,396.8,5356.8,2025-03-29,ACCT30868105
INV500301,PO100301,V0049,LUBRICANT-DRUM,6,220.0,1320.0,105.6,1425.6,2025-03-09,ACCT26753883
INV500302,PO100302,V0029,GEARBOX,24,2100.0,50400.0,4032.0,54432.0,2025-01-10,ACCT47338124
INV500303,PO100303,V0059,LUBRICANT-DRUM,8,220.0,1760.0,140.8,1900.8,2025-01-08,ACCT19335534
INV500304,PO100304,V0054,GEARBOX,38,2100.0,79800.0,6384.0,86184.0,2025-01-26,ACCT94374605
INV500305,PO100305,V0035,HYDRAULIC-PUMP,11,880.0,9680.0,774.4,10454.4,2025-02-11,ACCT30868105
INV500306,PO100306,V0055,GEARBOX,29,2100.0,60900.0,4872.0,65772.0,2025-01-15,ACCT93016315
INV500307,PO100307,V0044,CONVEYOR-BELT,38,310.0,11780.0,942.4,12722.4,2025-03-04,ACCT91030736
INV500308,PO100308,V0006,GEARBOX,29,2100.0,60900.0,4872.0,65772.0,2025-04-14,ACCT39958838
INV500309,PO100309,V0004,SENSOR-PROX,9,95.0,855.0,68.4,923.4,2025-03-07,ACCT46913810
INV500310,PO100310,V0027,SENSOR-PROX,37,95.0,3515.0,281.2,3796.2,2025-01-08,ACCT70291817
INV500311,PO100311,V0036,SENSOR-PROX,20,100.16,2003.2,160.26,2163.46,2025-04-03,ACCT38898923
INV500312,PO100312,V0017,STEEL-COIL,14,1250.0,17500.0,1400.0,18900.0,2025-03-16,ACCT41227216
INV500313,PO100313,V0005,STEEL-COIL,28,1250.0,35000.0,2800.0,37800.0,2025-02-14,ACCT42868828
INV500314,PO100314,V0045,BEARING-SET,35,42.5,1487.5,119.0,1606.5,2025-01-08,ACCT45503389
INV500315,PO100315,V0060,BEARING-SET,31,42.5,1317.5,105.4,1422.9,2025-01-05,ACCT16150444
INV500316,PO100316,V0019,MOTOR-3PH,12,689.33,8271.96,661.76,8933.72,2025-04-09,ACCT90801586
INV500317,PO100317,V0042,MOTOR-3PH,24,640.0,15360.0,1228.8,16588.8,2025-04-25,ACCT58181396
INV500318,PO100318,V0025,SENSOR-PROX,25,95.0,2375.0,190.0,2565.0,2025-02-18,ACCT66306997
INV500319,PO100319,V0006,GEARBOX,9,2100.0,18900.0,1512.0,20412.0,2025-03-25,ACCT39958838
INV500320,PO100320,V0056,PALLET-WRAP,8,18.75,150.0,12.0,162.0,2025-01-23,ACCT58537831
INV500321,PO100321,V0035,MOTOR-3PH,34,640.0,21760.0,1740.8,23500.8,2025-01-17,ACCT30868105
INV500322,PO100005,V0055,MOTOR-3PH,28,640.0,17920.0,1433.6,19353.6,2025-04-07,ACCT93016315
INV500323,PO100323,V0020,SENSOR-PROX,35,95.0,3325.0,266.0,3591.0,2025-02-24,ACCT13561597
INV500324,PO100324,V0035,MOTOR-3PH,15,640.0,9600.0,768.0,10368.0,2025-02-01,ACCT71824078
INV500325,PO100325,V0023,HYDRAULIC-PUMP,18,1088.98,19601.64,1568.13,21169.77,2025-01-25,ACCT97226012
INV500326,PO100326,V0047,BEARING-SET,3,42.5,127.5,10.2,137.7,2025-04-14,ACCT71662963
INV500327,PO100327,V0043,MOTOR-3PH,40,640.0,25600.0,2048.0,27648.0,2025-04-09,ACCT56164955
INV500328,PO100328,V0060,STEEL-COIL,16,1250.0,20000.0,1600.0,21600.0,2025-01-27,ACCT16150444
INV500329,PO100329,V0005,BEARING-SET,39,42.5,1657.5,132.6,1790.1,2025-01-05,ACCT42868828
INV500330,PO100330,V0029,LUBRICANT-DRUM,4,220.0,880.0,70.4,950.4,2025-02-01,ACCT47338124
INV500331,PO100331,V0048,STEEL-COIL,26,1250.0,32500.0,2600.0,35100.0,2025-02-26,ACCT81971316
INV500332,PO100332,V0015,GEARBOX,14,2100.0,29400.0,2352.0,31752.0,2025-04-07,ACCT17575790
INV500333,PO100333,V0009,GEARBOX,19,2100.0,39900.0,3192.0,43092.0,2025-01-30,ACCT83197857
INV500334,PO100334,V0053,LUBRICANT-DRUM,21,220.0,4620.0,369.6,4989.6,2025-03-15,ACCT49349722
INV500335,PO100335,V0039,PALLET-WRAP,16,18.75,300.0,24.0,324.0,2025-02-08,ACCT22448136
INV500336,PO100336,V0057,HYDRAULIC-PUMP,34,880.0,29920.0,2393.6,32313.6,2025-01-29,ACCT87490893
INV500337,PO100337,V0027,CONTROL-PANEL,18,1520.0,27360.0,2188.8,29548.8,2025-01-08,ACCT70291817
INV500338,PO100284,V0030,CONTROL-PANEL,12,1520.0,18240.0,1459.2,19699.2,2025-03-22,ACCT10872248
INV500339,PO100339,V0036,SENSOR-PROX,4,95.0,380.0,30.4,410.4,2025-02-14,ACCT38898923
INV500340,PO100340,V0042,MOTOR-3PH,34,640.0,21760.0,1740.8,23500.8,2025-02-10,ACCT58181396
INV500341,PO100341,V0045,MOTOR-3PH,27,640.0,17280.0,1382.4,18662.4,2025-01-20,ACCT45503389
INV500342,PO100342,V0020,MOTOR-3PH,12,640.0,7680.0,614.4,8294.4,2025-04-07,ACCT13561597
INV500343,PO100343,V0035,SENSOR-PROX,16,95.0,1520.0,121.6,1641.6,2025-04-19,ACCT30868105
INV500344,PO100344,V0015,CONTROL-PANEL,10,1520.0,15200.0,1216.0,16416.0,2025-04-14,ACCT22575562
INV500345,PO100345,V0030,STEEL-COIL,36,1250.0,45000.0,3600.0,48600.0,2025-02-22,ACCT65902739
INV500346,PO100346,V0036,GEARBOX,9,2100.0,18900.0,1512.0,20412.0,2025-02-19,ACCT38898923
INV500347,PO100347,V0016,CONTROL-PANEL,14,1520.0,21280.0,1702.4,22982.4,2025-02-12,ACCT39345092
INV500348,PO100348,V0042,BEARING-SET,29,42.5,1232.5,98.6,1331.1,2025-04-19,ACCT58181396
INV500349,PO100349,V0024,BEARING-SET,35,42.5,1487.5,212.97,1700.47,2025-04-03,ACCT83140807
INV500350,PO100350,V0004,CONTROL-PANEL,25,1520.0,38000.0,3040.0,41040.0,2025-03-28,ACCT46913810
INV500351,PO100351,V0039,LUBRICANT-DRUM,3,220.0,660.0,52.8,712.8,2025-04-22,ACCT22448136
INV500352,PO100352,V0005,CONVEYOR-BELT,38,310.0,11780.0,942.4,12722.4,2025-04-03,ACCT42868828
INV500353,PO100353,V0043,GEARBOX,14,2100.0,29400.0,2352.0,31752.0,2025-03-03,ACCT56164955
INV500354,PO100354,V0014,PALLET-WRAP,20,18.75,375.0,30.0,405.0,2025-04-27,ACCT13999315
INV500355,PO100355,V0001,CONVEYOR-BELT,13,310.0,4030.0,322.4,4352.4,2025-04-05,ACCT95822412
INV500356,PO100356,V0008,SENSOR-PROX,16,95.0,1520.0,121.6,1641.6,2025-03-31,ACCT23756669
INV500357,PO100357,V0039,CONVEYOR-BELT,26,310.0,8060.0,644.8,8704.8,2025-04-28,ACCT22448136
INV500358,PO100358,V0016,GEARBOX,21,2100.0,44100.0,3528.0,47628.0,2025-04-10,ACCT39345092
INV500359,PO100359,V0019,MOTOR-3PH,30,640.0,19200.0,1536.0,20736.0,2025-03-10,ACCT90801586
INV500360,PO100360,V0042,PALLET-WRAP,20,18.75,375.0,30.0,405.0,2025-02-03,ACCT58181396
INV500361,PO100361,V0024,GEARBOX,32,2100.0,67200.0,5376.0,72576.0,2025-03-01,ACCT83140807
INV500362,PO100362,V0007,SENSOR-PROX,21,95.0,1995.0,159.6,2154.6,2025-04-28,ACCT28728463
INV500363,PO100363,V0014,PALLET-WRAP,21,18.75,393.75,31.5,425.25,2025-02-22,ACCT13999315
INV500364,PO100364,V0003,LUBRICANT-DRUM,15,220.0,3300.0,264.0,3564.0,2025-04-05,ACCT13356886
INV500365,PO100365,V0010,STEEL-COIL,17,1250.0,21250.0,1700.0,22950.0,2025-03-12,ACCT21668732
INV500366,PO100366,V0060,LUBRICANT-DRUM,38,220.0,8360.0,668.8,9028.8,2025-04-03,ACCT16150444
INV500367,PO100367,V0027,CONTROL-PANEL,10,1520.0,15200.0,1216.0,16416.0,2025-01-26,ACCT70291817
INV500368,PO100368,V0022,CONVEYOR-BELT,27,310.0,8370.0,669.6,9039.6,2025-03-14,ACCT36687537
INV500369,PO100369,V0032,GEARBOX,22,2100.0,46200.0,3696.0,49896.0,2025-02-02,ACCT66722344
INV500370,PO100370,V0049,SENSOR-PROX,32,95.0,3040.0,243.2,3283.2,2025-02-28,ACCT26753883
INV500371,PO100371,V0011,PALLET-WRAP,11,18.75,206.25,16.5,222.75,2025-01-18,ACCT89254563
INV500372,PO100372,V0047,GEARBOX,32,2100.0,67200.0,5376.0,72576.0,2025-01-24,ACCT71662963
INV500373,PO904433,V0059,GEARBOX,4,2100.0,8400.0,672.0,9072.0,2025-03-09,ACCT19335534
INV500374,PO100374,V0054,BEARING-SET,4,44.68,178.72,14.3,193.02,2025-04-08,ACCT94374605
INV500375,PO100375,V0009,CONVEYOR-BELT,5,310.0,1550.0,124.0,1674.0,2025-04-01,ACCT83197857
INV500376,PO100376,V0010,STEEL-COIL,14,1250.0,17500.0,1400.0,18900.0,2025-03-06,ACCT21668732
INV500377,PO100377,V0030,PALLET-WRAP,4,18.75,75.0,6.0,81.0,2025-03-21,ACCT10872248
INV500378,PO100378,V0041,LUBRICANT-DRUM,31,220.0,6820.0,545.6,7365.6,2025-03-26,ACCT22981052
INV500379,PO100379,V0032,STEEL-COIL,1,1250.0,1250.0,100.0,1350.0,2025-03-10,ACCT66722344
INV500380,PO100380,V0036,MOTOR-3PH,1,640.0,640.0,51.2,691.2,2025-01-03,ACCT38898923
INV500381,PO100381,V0034,CONTROL-PANEL,35,1520.0,53200.0,4256.0,57456.0,2025-02-06,ACCT47295260
INV500382,PO100382,V0002,GEARBOX,28,2100.0,58800.0,4704.0,63504.0,2025-04-14,ACCT24942603
INV500383,PO100383,V0059,HYDRAULIC-PUMP,7,880.0,6160.0,492.8,6652.8,2025-04-28,ACCT19335534
INV500384,PO925156,V0007,GEARBOX,10,2100.0,21000.0,1680.0,22680.0,2025-01-31,ACCT28728463
INV500385,PO100385,V0040,GEARBOX,17,2100.0,35700.0,2856.0,38556.0,2025-04-15,ACCT60992979
INV500386,PO100386,V0023,CONTROL-PANEL,26,1520.0,39520.0,3161.6,42681.6,2025-01-11,ACCT97226012
INV500387,PO100387,V0024,MOTOR-3PH,30,640.0,19200.0,1536.0,20736.0,2025-03-14,ACCT83140807
INV500388,PO100388,V0016,CONVEYOR-BELT,20,310.0,6200.0,496.0,6696.0,2025-03-29,ACCT39345092
INV500389,PO100389,V0053,BEARING-SET,3,42.5,127.5,10.2,137.7,2025-01-12,ACCT49349722
INV500390,PO100390,V0026,MOTOR-3PH,25,640.0,16000.0,1280.0,17280.0,2025-03-12,ACCT39587039
INV500391,PO100391,V0031,STEEL-COIL,1,1250.0,1250.0,100.0,1350.0,2025-03-31,ACCT31429110
INV500392,PO100392,V0011,BEARING-SET,32,42.5,1360.0,108.8,1468.8,2025-04-19,ACCT89254563
INV500393,PO100393,V0028,PALLET-WRAP,37,18.75,693.75,55.5,749.25,2025-04-20,ACCT89089901
INV500394,PO100394,V0007,GEARBOX,3,2100.0,6300.0,504.0,6804.0,2025-01-30,ACCT28728463
INV500395,PO100395,V0014,LUBRICANT-DRUM,31,220.0,6820.0,545.6,7365.6,2025-02-04,ACCT13999315
INV500396,PO100357,V0039,CONVEYOR-BELT,26,310.0,8060.0,644.8,8704.8,2025-04-26,ACCT22448136
INV500397,PO100209,V0022,LUBRICANT-DRUM,10,220.0,2200.0,176.0,2376.0,2025-04-29,ACCT36687537
INV500398,PO100398,V0002,CONVEYOR-BELT,38,310.0,11780.0,942.4,12722.4,2025-01-19,ACCT24942603
INV500399,PO100399,V0049,MOTOR-3PH,5,640.0,3200.0,256.0,3456.0,2025-02-08,ACCT26753883
INV500400,PO100400,V0011,LUBRICANT-DRUM,16,220.0,3520.0,281.6,3801.6,2025-03-14,ACCT89254563
INV500401,PO100401,V0054,MOTOR-3PH,35,640.0,22400.0,1792.0,24192.0,2025-02-12,ACCT94374605
INV500402,PO100402,V0025,HYDRAULIC-PUMP,6,880.0,5280.0,422.4,5702.4,2025-03-06,ACCT66306997
INV500403,PO100403,V0048,PALLET-WRAP,4,18.75,75.0,6.0,81.0,2025-01-13,ACCT81971316
INV500404,PO100404,V0028,CONVEYOR-BELT,5,310.0,1550.0,124.0,1674.0,2025-02-13,ACCT89089901
INV500405,PO100405,V0039,LUBRICANT-DRUM,39,220.0,8580.0,686.4,9266.4,2025-02-20,ACCT22448136
INV500406,PO100406,V0050,PALLET-WRAP,2,18.75,37.5,3.0,40.5,2025-03-23,ACCT60806024
INV500407,PO100407,V0018,SENSOR-PROX,32,95.0,3040.0,243.2,3283.2,2025-01-30,ACCT77827638
INV500408,PO100408,V0023,GEARBOX,25,2100.0,52500.0,4200.0,56700.0,2025-02-25,ACCT97226012
INV500409,PO981083,V0012,LUBRICANT-DRUM,25,220.0,5500.0,440.0,5940.0,2025-01-11,ACCT66629388
INV500410,PO100410,V0019,CONVEYOR-BELT,5,310.0,1550.0,124.0,1674.0,2025-01-11,ACCT90801586
INV500411,PO100411,V0018,HYDRAULIC-PUMP,25,880.0,22000.0,1760.0,23760.0,2025-04-02,ACCT77827638
INV500412,PO100412,V0051,HYDRAULIC-PUMP,25,880.0,22000.0,1760.0,23760.0,2025-02-10,ACCT20576383
INV500413,PO100413,V0024,BEARING-SET,6,42.5,255.0,20.4,275.4,2025-01-01,ACCT83140807
INV500414,PO100414,V0020,SENSOR-PROX,24,95.0,2280.0,182.4,2462.4,2025-04-08,ACCT13561597
INV500415,PO100415,V0018,BEARING-SET,9,42.5,382.5,30.6,413.1,2025-01-12,ACCT77827638
INV500416,PO100416,V0012,MOTOR-3PH,29,640.0,18560.0,1484.8,20044.8,2025-03-13,ACCT66629388
INV500417,PO100417,V0036,GEARBOX,27,2100.0,56700.0,4536.0,61236.0,2025-01-14,ACCT38898923
INV500418,PO100418,V0002,BEARING-SET,23,42.5,977.5,78.2,1055.7,2025-03-12,ACCT24942603
INV500419,PO100419,V0006,LUBRICANT-DRUM,39,220.0,8580.0,686.4,9266.4,2025-04-11,ACCT39958838
INV500420,PO100420,V0021,MOTOR-3PH,1,640.0,640.0,51.2,691.2,2025-02-07,ACCT85329037
INV500421,PO100421,V0027,MOTOR-3PH,6,640.0,3840.0,307.2,4147.2,2025-04-03,ACCT70291817
INV500422,PO100422,V0058,GEARBOX,16,2100.0,33600.0,2688.0,36288.0,2025-03-15,ACCT35808537
INV500423,PO100423,V0034,HYDRAULIC-PUMP,27,880.0,23760.0,1900.8,25660.8,2025-01-22,ACCT47295260
INV500424,PO919127,V0018,CONTROL-PANEL,18,1520.0,27360.0,2188.8,29548.8,2025-03-05,ACCT77827638
INV500425,PO100425,V0005,HYDRAULIC-PUMP,28,880.0,24640.0,1971.2,26611.2,2025-02-05,ACCT42868828
INV500426,PO910082,V0027,CONTROL-PANEL,31,1520.0,47120.0,3769.6,50889.6,2025-04-11,ACCT70291817
INV500427,PO100427,V0024,CONTROL-PANEL,16,1520.0,24320.0,1945.6,26265.6,2025-04-03,ACCT83140807
INV500428,PO100428,V0041,SENSOR-PROX,39,95.0,3705.0,296.4,4001.4,2025-03-20,ACCT22981052
INV500429,PO100429,V0013,SENSOR-PROX,7,95.0,665.0,53.2,718.2,2025-01-18,ACCT14265799
INV500430,PO100430,V0020,STEEL-COIL,26,1250.0,32500.0,2600.0,35100.0,2025-02-12,ACCT13561597
INV500431,PO100431,V0054,LUBRICANT-DRUM,28,220.0,6160.0,492.8,6652.8,2025-04-13,ACCT94374605
INV500432,PO100432,V0029,PALLET-WRAP,28,18.75,525.0,42.0,567.0,2025-04-15,ACCT47338124
INV500433,PO100433,V0053,LUBRICANT-DRUM,9,220.0,1980.0,158.4,2138.4,2025-02-08,ACCT49349722
INV500434,PO100434,V0021,LUBRICANT-DRUM,13,220.0,2860.0,228.8,3088.8,2025-03-03,ACCT85329037
INV500435,PO100435,V0021,HYDRAULIC-PUMP,26,880.0,22880.0,1830.4,24710.4,2025-02-10,ACCT85329037
INV500436,PO100436,V0019,SENSOR-PROX,37,104.36,3861.32,308.91,4170.23,2025-04-11,ACCT90801586
INV500437,PO100437,V0025,CONTROL-PANEL,26,1520.0,39520.0,3161.6,42681.6,2025-02-16,ACCT66306997
INV500438,PO100438,V0008,LUBRICANT-DRUM,13,220.0,2860.0,228.8,3088.8,2025-03-17,ACCT23756669
INV500439,PO100439,V0035,HYDRAULIC-PUMP,36,880.0,31680.0,2534.4,34214.4,2025-01-04,ACCT30868105
INV500440,PO100440,V0047,SENSOR-PROX,14,95.0,1330.0,106.4,1436.4,2025-02-26,ACCT71662963
INV500441,PO100441,V0052,CONTROL-PANEL,5,1520.0,7600.0,608.0,8208.0,2025-04-15,ACCT84093639
INV500442,PO100442,V0055,MOTOR-3PH,32,640.0,20480.0,1638.4,22118.4,2025-01-18,ACCT93016315
INV500443,PO100443,V0041,CONTROL-PANEL,16,1520.0,24320.0,1945.6,26265.6,2025-02-02,ACCT22981052
INV500444,PO100444,V0043,HYDRAULIC-PUMP,28,880.0,24640.0,1971.2,26611.2,2025-04-12,ACCT56164955
INV500445,PO100445,V0025,BEARING-SET,29,42.5,1232.5,98.6,1331.1,2025-03-18,ACCT66306997
INV500446,PO100446,V0031,LUBRICANT-DRUM,26,220.0,5720.0,457.6,6177.6,2025-03-10,ACCT31429110
INV500447,PO100447,V0033,MOTOR-3PH,35,640.0,22400.0,1792.0,24192.0,2025-01-05,ACCT55667651
INV500448,PO100448,V0051,PALLET-WRAP,35,18.75,656.25,52.5,708.75,2025-03-18,ACCT20576383
INV500449,PO100449,V0041,BEARING-SET,7,42.5,297.5,23.8,321.3,2025-04-09,ACCT22981052
INV500450,PO100450,V0016,PALLET-WRAP,11,18.75,206.25,16.5,222.75,2025-03-24,ACCT39345092
INV500451,PO100451,V0040,STEEL-COIL,37,1250.0,46250.0,3700.0,49950.0,2025-03-24,ACCT60992979
INV500452,PO100452,V0044,MOTOR-3PH,22,640.0,14080.0,1126.4,15206.4,2025-04-12,ACCT91030736
INV500453,PO100453,V0028,BEARING-SET,1,42.5,42.5,3.4,45.9,2025-01-13,ACCT89089901
INV500454,PO100454,V0017,CONVEYOR-BELT,33,310.0,10230.0,818.4,11048.4,2025-04-06,ACCT41227216
INV500455,PO100455,V0034,GEARBOX,38,2100.0,79800.0,6384.0,86184.0,2025-03-30,ACCT47295260
INV500456,PO100456,V0037,CONVEYOR-BELT,29,310.0,8990.0,719.2,9709.2,2025-02-17,ACCT55176955
INV500457,PO100457,V0026,SENSOR-PROX,38,95.0,3610.0,288.8,3898.8,2025-03-30,ACCT39587039
INV500458,PO100458,V0033,HYDRAULIC-PUMP,23,880.0,20240.0,1619.2,21859.2,2025-01-04,ACCT55667651
INV500459,PO100459,V0031,BEARING-SET,19,42.5,807.5,64.6,872.1,2025-02-23,ACCT31429110
INV500460,PO100460,V0059,BEARING-SET,8,42.5,340.0,27.2,367.2,2025-04-17,ACCT19335534
INV500461,PO100461,V0047,HYDRAULIC-PUMP,23,880.0,20240.0,1619.2,21859.2,2025-02-09,ACCT71662963
INV500462,PO100462,V0022,SENSOR-PROX,14,95.0,1330.0,106.4,1436.4,2025-03-08,ACCT36687537
INV500463,PO100463,V0031,PALLET-WRAP,35,18.75,656.25,52.5,708.75,2025-01-13,ACCT31429110
INV500464,PO100464,V0047,SENSOR-PROX,21,95.0,1995.0,159.6,2154.6,2025-01-09,ACCT71662963
INV500465,PO100465,V0020,STEEL-COIL,8,1250.0,10000.0,800.0,10800.0,2025-01-03,ACCT13561597
INV500466,PO100466,V0055,PALLET-WRAP,7,18.75,131.25,18.64,149.89,2025-03-28,ACCT93016315
INV500467,PO100467,V0060,CONVEYOR-BELT,34,310.0,10540.0,843.2,11383.2,2025-01-23,ACCT16150444
INV500468,PO100468,V0036,HYDRAULIC-PUMP,22,880.0,19360.0,1548.8,20908.8,2025-03-13,ACCT38898923
INV500469,PO100469,V0028,SENSOR-PROX,15,95.0,1425.0,114.0,1539.0,2025-04-13,ACCT89089901
INV500470,PO100470,V0026,HYDRAULIC-PUMP,12,880.0,10560.0,844.8,11404.8,2025-03-23,ACCT39587039
INV500471,PO100471,V0043,MOTOR-3PH,26,640.0,16640.0,1331.2,17971.2,2025-01-04,ACCT56164955
INV500472,PO100472,V0048,LUBRICANT-DRUM,13,220.0,2860.0,228.8,3088.8,2025-02-27,ACCT81971316
INV500473,PO100473,V0038,MOTOR-3PH,25,640.0,16000.0,1280.0,17280.0,2025-01-01,ACCT23718431
INV500474,PO100474,V0046,CONVEYOR-BELT,14,310.0,4340.0,347.2,4687.2,2025-02-05,ACCT15831819
INV500475,PO100475,V0049,BEARING-SET,37,42.5,1572.5,125.8,1698.3,2025-01-14,ACCT26753883
INV500476,PO100476,V0052,GEARBOX,12,2100.0,25200.0,2016.0,27216.0,2025-02-16,ACCT84093639
INV500477,PO100477,V0021,CONVEYOR-BELT,30,310.0,9300.0,744.0,10044.0,2025-01-15,ACCT85329037
INV500478,PO100478,V0017,SENSOR-PROX,34,105.7,3593.8,287.5,3881.3,2025-03-23,ACCT41227216
INV500479,PO100479,V0025,LUBRICANT-DRUM,26,220.0,5720.0,457.6,6177.6,2025-03-17,ACCT66306997
INV500480,PO100480,V0008,PALLET-WRAP,23,18.75,431.25,34.5,465.75,2025-04-19,ACCT23756669
INV500481,PO100481,V0030,LUBRICANT-DRUM,15,220.0,3300.0,264.0,3564.0,2025-04-15,ACCT10872248
INV500482,PO100482,V0059,LUBRICANT-DRUM,38,220.0,8360.0,668.8,9028.8,2025-01-11,ACCT19335534
INV500483,PO100483,V0044,HYDRAULIC-PUMP,21,965.99,20285.79,1622.86,21908.65,2025-01-16,ACCT91030736
INV500484,PO100484,V0008,HYDRAULIC-PUMP,24,948.88,22773.12,1821.85,24594.97,2025-03-30,ACCT23756669
INV500485,PO100485,V0025,MOTOR-3PH,39,640.0,24960.0,1996.8,26956.8,2025-01-18,ACCT66306997
INV500486,PO100486,V0037,MOTOR-3PH,28,640.0,17920.0,1433.6,19353.6,2025-01-24,ACCT55176955
INV500487,PO100487,V0032,GEARBOX,12,2100.0,25200.0,2016.0,27216.0,2025-03-13,ACCT66722344
INV500488,PO100488,V0011,SENSOR-PROX,19,95.0,1805.0,144.4,1949.4,2025-01-18,ACCT89254563
INV500489,PO100489,V0012,PALLET-WRAP,29,18.75,543.75,43.5,587.25,2025-03-21,ACCT66629388
INV500490,PO100084,V0058,PALLET-WRAP,6,18.75,112.5,9.0,121.5,2025-03-04,ACCT35808537
INV500491,PO100491,V0013,MOTOR-3PH,36,640.0,23040.0,1843.2,24883.2,2025-03-06,ACCT14265799
INV500492,PO100492,V0042,SENSOR-PROX,27,95.0,2565.0,205.2,2770.2,2025-03-29,ACCT58181396
INV500493,PO100493,V0032,MOTOR-3PH,29,640.0,18560.0,1484.8,20044.8,2025-03-04,ACCT66722344
INV500494,PO100494,V0011,BEARING-SET,37,42.5,1572.5,125.8,1698.3,2025-01-04,ACCT89254563
INV500495,PO100495,V0051,CONVEYOR-BELT,19,310.0,5890.0,471.2,6361.2,2025-01-05,ACCT20576383
INV500496,PO100496,V0018,CONVEYOR-BELT,35,310.0,10850.0,868.0,11718.0,2025-02-06,ACCT77827638
INV500497,PO100497,V0011,SENSOR-PROX,37,95.0,3515.0,281.2,3796.2,2025-04-06,ACCT89254563
INV500498,PO100498,V0050,SENSOR-PROX,36,95.0,3420.0,273.6,3693.6,2025-03-07,ACCT60806024
INV500499,PO971186,V0008,LUBRICANT-DRUM,8,220.0,1760.0,140.8,1900.8,2025-02-04,ACCT23756669
INV500500,PO100500,V0053,PALLET-WRAP,35,18.75,656.25,52.5,708.75,2025-04-16,ACCT49349722
INV500501,PO100501,V0049,STEEL-COIL,29,1250.0,36250.0,2900.0,39150.0,2025-03-11,ACCT26753883
INV500502,PO100502,V0014,MOTOR-3PH,7,640.0,4480.0,358.4,4838.4,2025-04-05,ACCT13999315
INV500503,PO100503,V0054,CONVEYOR-BELT,20,310.0,6200.0,496.0,6696.0,2025-04-22,ACCT94374605
INV500504,PO100504,V0003,SENSOR-PROX,17,95.0,1615.0,129.2,1744.2,2025-02-14,ACCT13356886
INV500505,PO100505,V0056,BEARING-SET,29,42.5,1232.5,98.6,1331.1,2025-04-21,ACCT58537831
INV500506,PO100506,V0008,CONVEYOR-BELT,14,310.0,4340.0,347.2,4687.2,2025-04-14,ACCT23756669
INV500507,PO100507,V0048,LUBRICANT-DRUM,23,220.0,5060.0,404.8,5464.8,2025-04-21,ACCT91907952
INV500508,PO100508,V0041,MOTOR-3PH,11,640.0,7040.0,563.2,7603.2,2025-03-20,ACCT22981052
INV500509,PO100509,V0009,CONVEYOR-BELT,14,310.0,4340.0,347.2,4687.2,2025-04-14,ACCT83197857
INV500510,PO100510,V0004,LUBRICANT-DRUM,23,220.0,5060.0,404.8,5464.8,2025-03-10,ACCT46913810
INV500511,PO100511,V0018,LUBRICANT-DRUM,35,220.0,7700.0,616.0,8316.0,2025-01-22,ACCT77827638
INV500512,PO100512,V0021,CONTROL-PANEL,19,1520.0,28880.0,2310.4,31190.4,2025-03-15,ACCT85329037
INV500513,PO100513,V0018,GEARBOX,7,2100.0,14700.0,1176.0,15876.0,2025-01-18,ACCT77827638
INV500514,PO100514,V0049,MOTOR-3PH,4,640.0,2560.0,204.8,2764.8,2025-02-05,ACCT26753883
INV500515,PO100515,V0056,HYDRAULIC-PUMP,9,880.0,7920.0,633.6,8553.6,2025-02-01,ACCT58537831
INV500516,PO100516,V0010,PALLET-WRAP,16,18.75,300.0,24.0,324.0,2025-04-08,ACCT21668732
INV500517,PO100517,V0054,MOTOR-3PH,32,745.91,23869.12,1909.53,25778.65,2025-01-19,ACCT94374605
INV500518,PO100518,V0018,MOTOR-3PH,25,640.0,16000.0,1280.0,17280.0,2025-02-27,ACCT77827638
INV500519,PO100519,V0005,BEARING-SET,26,42.5,1105.0,88.4,1193.4,2025-03-07,ACCT42868828
INV500520,PO100520,V0048,CONTROL-PANEL,28,1520.0,42560.0,3404.8,45964.8,2025-02-28,ACCT81971316
INV500521,PO100521,V0021,LUBRICANT-DRUM,1,220.0,220.0,17.6,237.6,2025-04-22,ACCT85329037
INV500522,PO100522,V0050,BEARING-SET,30,50.27,1508.1,120.65,1628.75,2025-03-23,ACCT60806024
INV500523,PO100523,V0023,BEARING-SET,35,42.5,1487.5,119.0,1606.5,2025-02-20,ACCT97226012
INV500524,PO100524,V0014,MOTOR-3PH,14,640.0,8960.0,716.8,9676.8,2025-03-05,ACCT13999315
INV500525,PO100525,V0018,PALLET-WRAP,19,18.75,356.25,28.5,384.75,2025-02-13,ACCT77827638
INV500526,PO100526,V0036,LUBRICANT-DRUM,9,220.0,1980.0,158.4,2138.4,2025-03-14,ACCT38898923
INV500527,PO100527,V0055,SENSOR-PROX,22,95.0,2090.0,167.2,2257.2,2025-04-25,ACCT93016315
INV500528,PO100528,V0044,STEEL-COIL,3,1250.0,3750.0,300.0,4050.0,2025-01-13,ACCT91030736
INV500529,PO920707,V0041,SENSOR-PROX,2,95.0,190.0,15.2,205.2,2025-01-16,ACCT22981052
INV500530,PO100530,V0029,SENSOR-PROX,1,95.0,95.0,11.22,106.22,2025-02-24,ACCT47338124
INV500531,PO100531,V0045,HYDRAULIC-PUMP,20,880.0,17600.0,1408.0,19008.0,2025-01-21,ACCT45503389
INV500532,PO100532,V0056,CONTROL-PANEL,6,1520.0,9120.0,729.6,9849.6,2025-03-25,ACCT58537831
INV500533,PO100533,V0024,CONTROL-PANEL,6,1520.0,9120.0,729.6,9849.6,2025-02-17,ACCT83140807
INV500534,PO100534,V0043,HYDRAULIC-PUMP,4,880.0,3520.0,281.6,3801.6,2025-02-20,ACCT56164955
INV500535,PO100535,V0041,CONTROL-PANEL,15,1520.0,22800.0,1824.0,24624.0,2025-02-24,ACCT22981052
INV500536,PO100536,V0042,BEARING-SET,7,42.5,297.5,23.8,321.3,2025-01-01,ACCT58181396
INV500537,PO100537,V0014,SENSOR-PROX,5,95.0,475.0,38.0,513.0,2025-01-17,ACCT13999315
INV500538,PO100538,V0038,CONVEYOR-BELT,34,310.0,10540.0,843.2,11383.2,2025-03-29,ACCT23718431
INV500539,PO100539,V0029,STEEL-COIL,1,1250.0,1250.0,100.0,1350.0,2025-03-31,ACCT47338124
INV500540,PO100540,V0022,BEARING-SET,28,42.5,1190.0,95.2,1285.2,2025-03-30,ACCT36687537
INV500541,PO100541,V0009,SENSOR-PROX,5,95.0,475.0,38.0,513.0,2025-01-30,ACCT83197857
INV500542,PO100542,V0025,BEARING-SET,7,42.5,297.5,23.8,321.3,2025-01-14,ACCT66306997
INV500543,PO100543,V0021,PALLET-WRAP,20,18.75,375.0,30.0,405.0,2025-01-18,ACCT85329037
INV500544,PO100544,V0025,HYDRAULIC-PUMP,10,880.0,8800.0,704.0,9504.0,2025-01-09,ACCT66306997
INV500545,PO100545,V0034,LUBRICANT-DRUM,1,220.0,220.0,17.6,237.6,2025-03-20,ACCT47295260
INV500546,PO100546,V0042,HYDRAULIC-PUMP,29,880.0,25520.0,2041.6,27561.6,2025-02-14,ACCT58181396
INV500547,PO100547,V0047,CONVEYOR-BELT,10,310.0,3100.0,248.0,3348.0,2025-04-28,ACCT71662963
INV500548,PO100548,V0027,LUBRICANT-DRUM,29,220.0,6380.0,510.4,6890.4,2025-04-21,ACCT70291817
INV500549,PO100549,V0014,BEARING-SET,7,42.5,297.5,23.8,321.3,2025-01-18,ACCT13999315
INV500550,PO100550,V0049,BEARING-SET,38,42.5,1615.0,129.2,1744.2,2025-04-04,ACCT26753883
INV500551,PO100551,V0025,PALLET-WRAP,28,18.75,525.0,42.0,567.0,2025-02-10,ACCT66306997
INV500552,PO100552,V0051,HYDRAULIC-PUMP,16,880.0,14080.0,1126.4,15206.4,2025-02-05,ACCT20576383
INV500553,PO100553,V0042,BEARING-SET,16,42.5,680.0,54.4,734.4,2025-03-12,ACCT58181396
INV500554,PO100554,V0039,LUBRICANT-DRUM,39,220.0,8580.0,686.4,9266.4,2025-02-06,ACCT22448136
INV500555,PO100555,V0050,STEEL-COIL,20,1250.0,25000.0,2000.0,27000.0,2025-01-27,ACCT60806024
INV500556,PO100556,V0034,LUBRICANT-DRUM,33,220.0,7260.0,580.8,7840.8,2025-01-25,ACCT47295260
INV500557,PO100557,V0048,MOTOR-3PH,19,640.0,12160.0,972.8,13132.8,2025-03-24,ACCT81971316
INV500558,PO100558,V0004,CONVEYOR-BELT,32,310.0,9920.0,793.6,10713.6,2025-02-19,ACCT25132198
INV500559,PO100559,V0016,SENSOR-PROX,39,95.0,3705.0,296.4,4001.4,2025-01-10,ACCT39345092
INV500560,PO100560,V0034,STEEL-COIL,24,1250.0,30000.0,2400.0,32400.0,2025-04-30,ACCT47295260
INV500561,PO100561,V0021,HYDRAULIC-PUMP,25,880.0,22000.0,1760.0,23760.0,2025-04-21,ACCT85329037
INV500562,PO100562,V0054,LUBRICANT-DRUM,27,220.0,5940.0,475.2,6415.2,2025-02-16,ACCT94374605
INV500563,PO100563,V0035,HYDRAULIC-PUMP,31,880.0,27280.0,2182.4,29462.4,2025-04-09,ACCT30868105
INV500564,PO100564,V0005,STEEL-COIL,38,1250.0,47500.0,3800.0,51300.0,2025-01-09,ACCT42868828
INV500565,PO100565,V0001,CONTROL-PANEL,14,1520.0,21280.0,1702.4,22982.4,2025-01-06,ACCT95822412
INV500566,PO100566,V0060,STEEL-COIL,26,1384.12,35987.12,2878.97,38866.09,2025-03-06,ACCT16150444
INV500567,PO100567,V0046,GEARBOX,27,2100.0,56700.0,4536.0,61236.0,2025-02-24,ACCT15831819
INV500568,PO100568,V0045,MOTOR-3PH,6,640.0,3840.0,307.2,4147.2,2025-03-23,ACCT45503389
INV500569,PO100569,V0035,GEARBOX,40,2100.0,84000.0,6720.0,90720.0,2025-01-20,ACCT30868105
INV500570,PO100570,V0018,BEARING-SET,20,42.5,850.0,68.0,918.0,2025-01-11,ACCT77827638
INV500571,PO100571,V0033,CONVEYOR-BELT,10,310.0,3100.0,248.0,3348.0,2025-03-10,ACCT55667651
INV500572,PO100572,V0021,MOTOR-3PH,38,640.0,24320.0,1945.6,26265.6,2025-03-23,ACCT85329037
INV500573,PO100573,V0049,BEARING-SET,20,42.5,850.0,68.0,918.0,2025-03-31,ACCT26753883
INV500574,PO100574,V0028,CONVEYOR-BELT,4,310.0,1240.0,99.2,1339.2,2025-02-01,ACCT89089901
INV500575,PO100575,V0006,MOTOR-3PH,8,640.0,5120.0,409.6,5529.6,2025-02-28,ACCT39958838
INV500576,PO100576,V0040,LUBRICANT-DRUM,4,220.0,880.0,70.4,950.4,2025-02-09,ACCT60992979
INV500577,PO100577,V0043,HYDRAULIC-PUMP,8,880.0,7040.0,563.2,7603.2,2025-01-02,ACCT56164955
INV500578,PO100578,V0046,HYDRAULIC-PUMP,1,880.0,880.0,70.4,950.4,2025-01-21,ACCT15831819
INV500579,PO100579,V0032,PALLET-WRAP,34,18.75,637.5,51.0,688.5,2025-03-08,ACCT66722344
INV500580,PO100580,V0051,CONTROL-PANEL,11,1520.0,16720.0,1337.6,18057.6,2025-02-17,ACCT20576383
INV500581,PO100581,V0009,CONTROL-PANEL,8,1520.0,12160.0,972.8,13132.8,2025-04-09,ACCT83197857
INV500582,PO100582,V0058,STEEL-COIL,22,1250.0,27500.0,2200.0,29700.0,2025-04-14,ACCT35808537
INV500583,PO100583,V0028,CONTROL-PANEL,34,1520.0,51680.0,4134.4,55814.4,2025-01-09,ACCT89089901
INV500584,PO100584,V0017,LUBRICANT-DRUM,5,220.0,1100.0,88.0,1188.0,2025-03-05,ACCT41227216
INV500585,PO100585,V0030,GEARBOX,24,2100.0,50400.0,4032.0,54432.0,2025-01-08,ACCT77056519
INV500586,PO100586,V0055,LUBRICANT-DRUM,11,220.0,2420.0,193.6,2613.6,2025-02-17,ACCT93016315
INV500587,PO100587,V0011,CONTROL-PANEL,7,1520.0,10640.0,851.2,11491.2,2025-04-25,ACCT89254563
INV500588,PO100588,V0037,BEARING-SET,15,42.5,637.5,51.0,688.5,2025-04-05,ACCT55176955
INV500589,PO100589,V0033,STEEL-COIL,3,1250.0,3750.0,300.0,4050.0,2025-04-20,ACCT55667651
INV500590,PO100590,V0056,STEEL-COIL,16,1250.0,20000.0,1600.0,21600.0,2025-01-06,ACCT58537831
INV500591,PO100591,V0031,PALLET-WRAP,25,18.75,468.75,37.5,506.25,2025-04-28,ACCT31429110
INV500592,PO100592,V0010,HYDRAULIC-PUMP,3,880.0,2640.0,211.2,2851.2,2025-03-12,ACCT21668732
INV500593,PO100593,V0052,MOTOR-3PH,15,640.0,9600.0,768.0,10368.0,2025-02-11,ACCT84093639
INV500594,PO100594,V0016,MOTOR-3PH,21,640.0,13440.0,1075.2,14515.2,2025-02-04,ACCT39345092
INV500595,PO100595,V0053,BEARING-SET,37,42.5,1572.5,125.8,1698.3,2025-02-17,ACCT49349722
INV500596,PO100596,V0008,GEARBOX,4,2100.0,8400.0,672.0,9072.0,2025-01-23,ACCT23756669
INV500597,PO100041,V0006,CONTROL-PANEL,29,1520.0,44080.0,3526.4,47606.4,2025-02-21,ACCT39958838
INV500598,PO100598,V0057,SENSOR-PROX,19,115.8,2200.2,176.02,2376.22,2025-04-10,ACCT87490893
INV500599,PO100599,V0021,BEARING-SET,36,44.69,1608.84,128.71,1737.55,2025-02-28,ACCT85329037
INV500600,PO100600,V0013,CONTROL-PANEL,37,1520.0,56240.0,4499.2,60739.2,2025-04-11,ACCT14265799
INV500601,PO100601,V0020,LUBRICANT-DRUM,16,220.0,3520.0,281.6,3801.6,2025-03-01,ACCT13561597
INV500602,PO100602,V0024,LUBRICANT-DRUM,32,220.0,7040.0,563.2,7603.2,2025-04-09,ACCT83140807
INV500603,PO100603,V0050,CONVEYOR-BELT,35,310.0,10850.0,868.0,11718.0,2025-04-08,ACCT60806024
INV500604,PO100604,V0051,CONVEYOR-BELT,14,310.0,4340.0,347.2,4687.2,2025-01-01,ACCT20576383
INV500605,PO100605,V0002,CONVEYOR-BELT,35,364.93,12772.55,1021.8,13794.35,2025-02-14,ACCT24942603
INV500606,PO100606,V0045,STEEL-COIL,22,1250.0,27500.0,2200.0,29700.0,2025-01-01,ACCT45503389
INV500607,PO100607,V0049,MOTOR-3PH,20,640.0,12800.0,1024.0,13824.0,2025-01-14,ACCT26753883
INV500608,PO100608,V0014,GEARBOX,16,2100.0,33600.0,2688.0,36288.0,2025-02-23,ACCT13999315
INV500609,PO100609,V0032,STEEL-COIL,10,1250.0,12500.0,1000.0,13500.0,2025-04-02,ACCT66722344
INV500610,PO100610,V0018,BEARING-SET,3,42.5,127.5,10.2,137.7,2025-04-28,ACCT77827638
INV500611,PO100611,V0015,GEARBOX,27,2100.0,56700.0,4536.0,61236.0,2025-03-31,ACCT22575562
INV500612,PO100052,V0036,PALLET-WRAP,5,18.75,93.75,7.5,101.25,2025-04-06,ACCT38898923
INV500613,PO100613,V0038,BEARING-SET,37,42.5,1572.5,125.8,1698.3,2025-01-18,ACCT23718431
INV500614,PO100614,V0005,LUBRICANT-DRUM,37,220.0,8140.0,651.2,8791.2,2025-01-08,ACCT42868828
INV500615,PO100615,V0028,HYDRAULIC-PUMP,16,880.0,14080.0,1126.4,15206.4,2025-02-07,ACCT89089901
INV500616,PO100616,V0017,PALLET-WRAP,26,18.75,487.5,39.0,526.5,2025-03-31,ACCT41227216
INV500617,PO935645,V0054,PALLET-WRAP,21,18.75,393.75,31.5,425.25,2025-02-27,ACCT94374605
INV500618,PO100618,V0015,BEARING-SET,13,42.5,552.5,44.2,596.7,2025-01-18,ACCT22575562
INV500619,PO100619,V0050,LUBRICANT-DRUM,7,220.0,1540.0,123.2,1663.2,2025-01-20,ACCT60806024
INV500620,PO100620,V0007,HYDRAULIC-PUMP,32,880.0,28160.0,2252.8,30412.8,2025-03-01,ACCT28728463
INV500621,PO100621,V0027,BEARING-SET,35,42.5,1487.5,119.0,1606.5,2025-02-15,ACCT70291817
INV500622,PO100622,V0050,CONVEYOR-BELT,29,310.0,8990.0,719.2,9709.2,2025-02-09,ACCT60806024
INV500623,PO100623,V0030,CONTROL-PANEL,8,1520.0,12160.0,972.8,13132.8,2025-01-12,ACCT10872248
INV500624,PO100624,V0011,CONTROL-PANEL,39,1520.0,59280.0,4742.4,64022.4,2025-01-06,ACCT89254563
INV500625,PO100625,V0014,PALLET-WRAP,10,18.75,187.5,15.0,202.5,2025-01-12,ACCT13999315
INV500626,PO100626,V0046,CONVEYOR-BELT,23,310.0,7130.0,570.4,7700.4,2025-02-20,ACCT15831819
INV500627,PO100627,V0033,STEEL-COIL,20,1250.0,25000.0,2000.0,27000.0,2025-02-03,ACCT55667651
INV500628,PO100628,V0053,HYDRAULIC-PUMP,2,880.0,1760.0,140.8,1900.8,2025-02-21,ACCT49349722
INV500629,PO100629,V0055,SENSOR-PROX,36,95.0,3420.0,273.6,3693.6,2025-04-06,ACCT93016315
INV500630,PO100630,V0036,CONVEYOR-BELT,7,310.0,2170.0,173.6,2343.6,2025-03-01,ACCT38898923
INV500631,PO100631,V0007,HYDRAULIC-PUMP,8,880.0,7040.0,563.2,7603.2,2025-01-02,ACCT28728463
INV500632,PO100632,V0004,CONVEYOR-BELT,9,310.0,2790.0,223.2,3013.2,2025-01-26,ACCT46913810
INV500633,PO100633,V0053,MOTOR-3PH,25,640.0,16000.0,1280.0,17280.0,2025-03-29,ACCT49349722
INV500634,PO100634,V0038,LUBRICANT-DRUM,17,220.0,3740.0,299.2,4039.2,2025-04-28,ACCT23718431
INV500635,PO100635,V0053,BEARING-SET,4,42.5,170.0,13.6,183.6,2025-01-09,ACCT49349722
INV500636,PO100636,V0058,SENSOR-PROX,9,95.0,855.0,68.4,923.4,2025-01-12,ACCT35808537
INV500637,PO100637,V0058,PALLET-WRAP,8,18.75,150.0,12.0,162.0,2025-01-06,ACCT35808537
INV500638,PO100638,V0030,STEEL-COIL,11,1250.0,13750.0,1100.0,14850.0,2025-04-29,ACCT10872248
INV500639,PO100639,V0037,MOTOR-3PH,27,640.0,17280.0,1382.4,18662.4,2025-03-05,ACCT55176955
INV500640,PO100640,V0025,MOTOR-3PH,12,640.0,7680.0,614.4,8294.4,2025-02-15,ACCT66306997
INV500641,PO100641,V0014,HYDRAULIC-PUMP,18,880.0,15840.0,1267.2,17107.2,2025-02-05,ACCT13999315
INV500642,PO981156,V0029,HYDRAULIC-PUMP,3,880.0,2640.0,211.2,2851.2,2025-03-20,ACCT47338124
INV500643,PO100643,V0040,CONVEYOR-BELT,19,310.0,5890.0,471.2,6361.2,2025-03-05,ACCT60992979
INV500644,PO100644,V0027,GEARBOX,31,2100.0,65100.0,5208.0,70308.0,2025-01-08,ACCT70291817
INV500645,PO100645,V0006,CONTROL-PANEL,25,1520.0,38000.0,3040.0,41040.0,2025-01-18,ACCT39958838
INV500646,PO100646,V0027,CONVEYOR-BELT,34,364.61,12396.74,991.74,13388.48,2025-02-01,ACCT70291817
INV500647,PO100647,V0052,GEARBOX,2,2100.0,4200.0,336.0,4536.0,2025-02-18,ACCT84093639
INV500648,PO100648,V0051,PALLET-WRAP,31,18.75,581.25,46.5,627.75,2025-03-11,ACCT20576383
INV500649,PO100649,V0051,SENSOR-PROX,23,95.0,2185.0,174.8,2359.8,2025-04-27,ACCT20576383
INV500650,PO100650,V0037,GEARBOX,24,2100.0,50400.0,4032.0,54432.0,2025-02-19,ACCT55176955
INV500651,PO100651,V0012,STEEL-COIL,21,1250.0,26250.0,2100.0,28350.0,2025-03-18,ACCT66629388
INV500652,PO100652,V0015,STEEL-COIL,18,1250.0,22500.0,1800.0,24300.0,2025-01-08,ACCT22575562
INV500653,PO100653,V0052,SENSOR-PROX,34,95.0,3230.0,258.4,3488.4,2025-02-15,ACCT84093639
INV500654,PO100654,V0050,LUBRICANT-DRUM,15,220.0,3300.0,264.0,3564.0,2025-01-21,ACCT60806024
INV500655,PO100655,V0007,CONVEYOR-BELT,16,310.0,4960.0,396.8,5356.8,2025-02-04,ACCT28728463
INV500656,PO100656,V0035,STEEL-COIL,15,1250.0,18750.0,1500.0,20250.0,2025-03-15,ACCT62133188
INV500657,PO100411,V0018,HYDRAULIC-PUMP,25,880.0,22000.0,1760.0,23760.0,2025-01-31,ACCT77827638
INV500658,PO100658,V0052,PALLET-WRAP,38,18.75,712.5,57.0,769.5,2025-01-04,ACCT84093639
INV500659,PO918625,V0046,PALLET-WRAP,37,18.75,693.75,55.5,749.25,2025-03-14,ACCT15831819
INV500660,PO100660,V0037,CONVEYOR-BELT,32,310.0,9920.0,793.6,10713.6,2025-03-11,ACCT55176955
INV500661,PO911830,V0020,HYDRAULIC-PUMP,32,880.0,28160.0,2252.8,30412.8,2025-01-05,ACCT13561597
INV500662,PO100662,V0004,CONVEYOR-BELT,39,326.74,12742.86,1019.43,13762.29,2025-01-29,ACCT46913810
INV500663,PO100663,V0031,STEEL-COIL,22,1250.0,27500.0,2200.0,29700.0,2025-04-28,ACCT31429110
INV500664,PO100664,V0040,CONVEYOR-BELT,9,310.0,2790.0,223.2,3013.2,2025-02-13,ACCT60992979
INV500665,PO100665,V0046,HYDRAULIC-PUMP,21,880.0,18480.0,1478.4,19958.4,2025-01-08,ACCT15831819
INV500666,PO100666,V0002,HYDRAULIC-PUMP,38,880.0,33440.0,2675.2,36115.2,2025-04-01,ACCT24942603
INV500667,PO100667,V0059,HYDRAULIC-PUMP,8,880.0,7040.0,563.2,7603.2,2025-04-19,ACCT19335534
INV500668,PO100668,V0034,PALLET-WRAP,5,18.75,93.75,7.5,101.25,2025-02-17,ACCT47295260
INV500669,PO100669,V0046,MOTOR-3PH,38,640.0,24320.0,1945.6,26265.6,2025-01-13,ACCT15831819
INV500670,PO100670,V0022,CONTROL-PANEL,21,1520.0,31920.0,2553.6,34473.6,2025-01-18,ACCT36687537
INV500671,PO100671,V0011,MOTOR-3PH,32,640.0,20480.0,1638.4,22118.4,2025-03-25,ACCT89254563
INV500672,PO100672,V0021,HYDRAULIC-PUMP,36,880.0,31680.0,2534.4,34214.4,2025-03-30,ACCT85329037
INV500673,PO100673,V0057,LUBRICANT-DRUM,23,220.0,5060.0,404.8,5464.8,2025-01-29,ACCT87490893
INV500674,PO100674,V0043,LUBRICANT-DRUM,12,220.0,2640.0,211.2,2851.2,2025-02-18,ACCT56164955
INV500675,PO100675,V0020,CONTROL-PANEL,9,1520.0,13680.0,1094.4,14774.4,2025-01-23,ACCT13561597
INV500676,PO100676,V0047,STEEL-COIL,37,1250.0,46250.0,3700.0,49950.0,2025-02-20,ACCT71662963
INV500677,PO100677,V0055,LUBRICANT-DRUM,3,220.0,660.0,52.8,712.8,2025-01-24,ACCT93016315
INV500678,PO100678,V0039,PALLET-WRAP,40,22.09,883.6,70.69,954.29,2025-01-29,ACCT22448136
INV500679,PO100679,V0007,SENSOR-PROX,10,95.0,950.0,76.0,1026.0,2025-02-12,ACCT28728463
INV500680,PO100680,V0048,BEARING-SET,16,42.5,680.0,54.4,734.4,2025-02-14,ACCT81971316
INV500681,PO100681,V0021,HYDRAULIC-PUMP,6,880.0,5280.0,422.4,5702.4,2025-04-16,ACCT85329037
INV500682,PO100682,V0046,PALLET-WRAP,29,18.75,543.75,43.5,587.25,2025-01-02,ACCT15831819
INV500683,PO100683,V0017,CONVEYOR-BELT,16,329.7,5275.2,422.02,5697.22,2025-03-30,ACCT41227216
INV500684,PO100684,V0017,BEARING-SET,1,42.5,42.5,3.4,45.9,2025-01-07,ACCT41227216
INV500685,PO100685,V0025,SENSOR-PROX,27,95.0,2565.0,205.2,2770.2,2025-01-22,ACCT66306997
INV500686,PO100686,V0057,MOTOR-3PH,32,640.0,20480.0,1638.4,22118.4,2025-04-23,ACCT87490893
INV500687,PO100687,V0025,PALLET-WRAP,35,18.75,656.25,52.5,708.75,2025-02-18,ACCT66306997
INV500688,PO100688,V0007,SENSOR-PROX,37,95.0,3515.0,493.26,4008.26,2025-03-25,ACCT28728463
INV500689,PO100689,V0015,HYDRAULIC-PUMP,29,880.0,25520.0,2041.6,27561.6,2025-01-10,ACCT22575562
INV500690,PO100690,V0052,STEEL-COIL,19,1250.0,23750.0,1900.0,25650.0,2025-01-03,ACCT84093639
INV500691,PO100691,V0021,CONTROL-PANEL,7,1520.0,10640.0,851.2,11491.2,2025-01-10,ACCT85329037
INV500692,PO100692,V0022,HYDRAULIC-PUMP,25,880.0,22000.0,1760.0,23760.0,2025-01-21,ACCT36687537
INV500693,PO100693,V0047,BEARING-SET,36,42.5,1530.0,122.4,1652.4,2025-05-01,ACCT71662963
INV500694,PO100694,V0058,BEARING-SET,22,42.5,935.0,74.8,1009.8,2025-03-18,ACCT35808537
INV500695,PO100695,V0040,SENSOR-PROX,2,95.0,190.0,15.2,205.2,2025-02-25,ACCT60992979
INV500696,PO100696,V0042,HYDRAULIC-PUMP,39,880.0,34320.0,2745.6,37065.6,2025-04-24,ACCT58181396
INV500697,PO100697,V0028,HYDRAULIC-PUMP,4,880.0,3520.0,281.6,3801.6,2025-01-13,ACCT89089901
INV500698,PO100698,V0022,CONVEYOR-BELT,13,310.0,4030.0,322.4,4352.4,2025-02-22,ACCT36687537
INV500699,PO100699,V0045,GEARBOX,38,2100.0,79800.0,6384.0,86184.0,2025-02-03,ACCT45503389
INV500700,PO951498,V0020,CONVEYOR-BELT,7,310.0,2170.0,173.6,2343.6,2025-01-07,ACCT13561597
INV500701,PO100701,V0037,GEARBOX,32,2100.0,67200.0,5376.0,72576.0,2025-01-20,ACCT55176955
INV500702,PO100702,V0004,PALLET-WRAP,1,18.75,18.75,1.5,20.25,2025-02-24,ACCT46913810
INV500703,PO100703,V0006,CONTROL-PANEL,39,1520.0,59280.0,4742.4,64022.4,2025-03-03,ACCT39958838
INV500704,PO100704,V0013,BEARING-SET,2,42.5,85.0,6.8,91.8,2025-01-27,ACCT14265799
INV500705,PO100705,V0011,CONTROL-PANEL,6,1520.0,9120.0,729.6,9849.6,2025-03-02,ACCT89254563
INV500706,PO100706,V0055,BEARING-SET,20,48.0,960.0,76.8,1036.8,2025-04-11,ACCT93016315
INV500707,PO100707,V0032,CONTROL-PANEL,11,1520.0,16720.0,1337.6,18057.6,2025-03-24,ACCT66722344
INV500708,PO100708,V0025,HYDRAULIC-PUMP,24,880.0,21120.0,1689.6,22809.6,2025-04-24,ACCT66306997
INV500709,PO100054,V0030,BEARING-SET,21,42.5,892.5,71.4,963.9,2025-02-27,ACCT10872248
INV500710,PO100710,V0017,SENSOR-PROX,30,95.0,2850.0,228.0,3078.0,2025-02-03,ACCT41227216
INV500711,PO100711,V0015,CONTROL-PANEL,37,1520.0,56240.0,4499.2,60739.2,2025-01-08,ACCT22575562
INV500712,PO100712,V0010,BEARING-SET,6,42.5,255.0,20.4,275.4,2025-03-27,ACCT21668732
INV500713,PO100713,V0023,GEARBOX,27,2452.69,66222.63,5297.81,71520.44,2025-04-07,ACCT97226012
INV500714,PO100714,V0036,STEEL-COIL,25,1250.0,31250.0,2500.0,33750.0,2025-04-15,ACCT38898923
INV500715,PO100715,V0034,MOTOR-3PH,35,640.0,22400.0,1792.0,24192.0,2025-03-29,ACCT47295260
INV500716,PO100716,V0056,SENSOR-PROX,37,104.23,3856.51,308.52,4165.03,2025-04-23,ACCT58537831
INV500717,PO100717,V0020,BEARING-SET,26,42.5,1105.0,88.4,1193.4,2025-04-26,ACCT13561597
INV500718,PO100718,V0055,STEEL-COIL,33,1250.0,41250.0,3300.0,44550.0,2025-03-15,ACCT93016315
INV500719,PO100719,V0058,GEARBOX,37,2100.0,77700.0,6216.0,83916.0,2025-03-28,ACCT35808537
INV500720,PO100720,V0040,HYDRAULIC-PUMP,8,880.0,7040.0,563.2,7603.2,2025-04-07,ACCT60992979
INV500721,PO100721,V0029,HYDRAULIC-PUMP,11,1066.29,11729.19,938.34,12667.53,2025-01-28,ACCT47338124
INV500722,PO100722,V0009,STEEL-COIL,28,1250.0,35000.0,2800.0,37800.0,2025-01-11,ACCT83197857
INV500723,PO100196,V0041,CONTROL-PANEL,40,1520.0,60800.0,4864.0,65664.0,2025-04-16,ACCT22981052
INV500724,PO100724,V0054,LUBRICANT-DRUM,17,220.0,3740.0,299.2,4039.2,2025-02-10,ACCT94374605
INV500725,PO100725,V0059,BEARING-SET,6,42.5,255.0,20.4,275.4,2025-02-19,ACCT19335534
INV500726,PO100726,V0036,MOTOR-3PH,36,640.0,23040.0,1843.2,24883.2,2025-02-11,ACCT38898923
INV500727,PO100727,V0055,CONTROL-PANEL,34,1874.82,63743.88,5099.51,68843.39,2025-02-28,ACCT93016315
INV500728,PO100728,V0001,LUBRICANT-DRUM,38,220.0,8360.0,668.8,9028.8,2025-03-08,ACCT95822412
INV500729,PO100729,V0051,MOTOR-3PH,8,640.0,5120.0,409.6,5529.6,2025-02-23,ACCT20576383
INV500730,PO100730,V0010,HYDRAULIC-PUMP,37,880.0,32560.0,2604.8,35164.8,2025-03-17,ACCT21668732
INV500731,PO100731,V0038,BEARING-SET,7,42.5,297.5,23.8,321.3,2025-03-14,ACCT23718431
INV500732,PO100732,V0050,BEARING-SET,19,49.18,934.42,74.75,1009.17,2025-04-22,ACCT60806024
INV500733,PO100733,V0023,MOTOR-3PH,17,640.0,10880.0,870.4,11750.4,2025-02-19,ACCT97226012
INV500734,PO100734,V0042,SENSOR-PROX,37,95.0,3515.0,281.2,3796.2,2025-03-19,ACCT58181396
INV500735,PO100735,V0031,STEEL-COIL,12,1250.0,15000.0,1200.0,16200.0,2025-02-05,ACCT31429110
INV500736,PO100511,V0018,LUBRICANT-DRUM,35,220.0,7700.0,616.0,8316.0,2025-03-19,ACCT77827638
INV500737,PO100737,V0003,MOTOR-3PH,22,640.0,14080.0,1126.4,15206.4,2025-03-30,ACCT13356886
INV500738,PO100738,V0016,STEEL-COIL,31,1250.0,38750.0,3100.0,41850.0,2025-04-28,ACCT39345092
INV500739,PO939722,V0018,PALLET-WRAP,2,18.75,37.5,3.0,40.5,2025-02-13,ACCT77827638
INV500740,PO100740,V0020,CONTROL-PANEL,32,1520.0,48640.0,3891.2,52531.2,2025-04-20,ACCT13561597
INV500741,PO100741,V0045,BEARING-SET,15,42.5,637.5,51.0,688.5,2025-01-18,ACCT45503389
INV500742,PO100742,V0020,SENSOR-PROX,21,95.0,1995.0,159.6,2154.6,2025-02-04,ACCT13561597
INV500743,PO100743,V0047,MOTOR-3PH,39,640.0,24960.0,1996.8,26956.8,2025-03-24,ACCT71662963
INV500744,PO100744,V0006,CONVEYOR-BELT,29,310.0,8990.0,719.2,9709.2,2025-01-28,ACCT39958838
INV500745,PO100745,V0059,MOTOR-3PH,32,640.0,20480.0,1638.4,22118.4,2025-04-08,ACCT19335534
INV500746,PO100746,V0034,PALLET-WRAP,4,18.75,75.0,6.0,81.0,2025-03-07,ACCT47295260
INV500747,PO993004,V0051,HYDRAULIC-PUMP,5,880.0,4400.0,352.0,4752.0,2025-02-09,ACCT20576383
INV500748,PO100748,V0033,MOTOR-3PH,9,640.0,5760.0,460.8,6220.8,2025-04-10,ACCT80368504
INV500749,PO100749,V0057,LUBRICANT-DRUM,2,220.0,440.0,35.2,475.2,2025-01-23,ACCT87490893
INV500750,PO100750,V0013,CONVEYOR-BELT,4,310.0,1240.0,99.2,1339.2,2025-02-01,ACCT14265799
INV500751,PO100460,V0059,BEARING-SET,8,42.5,340.0,27.2,367.2,2025-04-28,ACCT19335534
INV500752,PO100752,V0046,CONVEYOR-BELT,22,310.0,6820.0,545.6,7365.6,2025-02-17,ACCT15831819
INV500753,PO100753,V0033,MOTOR-3PH,8,640.0,5120.0,409.6,5529.6,2025-03-29,ACCT55667651
INV500754,PO100754,V0002,CONVEYOR-BELT,24,310.0,7440.0,595.2,8035.2,2025-03-04,ACCT24942603
INV500755,PO100755,V0039,SENSOR-PROX,12,95.0,1140.0,91.2,1231.2,2025-04-22,ACCT22448136
INV500756,PO100756,V0031,LUBRICANT-DRUM,36,220.0,7920.0,633.6,8553.6,2025-02-14,ACCT31429110
INV500757,PO100757,V0023,HYDRAULIC-PUMP,17,880.0,14960.0,1196.8,16156.8,2025-04-06,ACCT97226012
INV500758,PO100758,V0054,BEARING-SET,19,47.91,910.29,72.82,983.11,2025-01-04,ACCT94374605
INV500759,PO100759,V0011,LUBRICANT-DRUM,14,220.0,3080.0,246.4,3326.4,2025-04-20,ACCT89254563
INV500760,PO100760,V0015,CONVEYOR-BELT,14,310.0,4340.0,347.2,4687.2,2025-02-04,ACCT22575562
INV500761,PO100761,V0042,MOTOR-3PH,33,640.0,21120.0,1689.6,22809.6,2025-01-03,ACCT58181396
INV500762,PO100762,V0056,STEEL-COIL,31,1250.0,38750.0,3100.0,41850.0,2025-04-27,ACCT58537831
INV500763,PO100763,V0009,HYDRAULIC-PUMP,39,880.0,34320.0,2745.6,37065.6,2025-04-13,ACCT83197857
INV500764,PO100764,V0001,CONVEYOR-BELT,17,310.0,5270.0,421.6,5691.6,2025-03-19,ACCT95822412
INV500765,PO100765,V0052,CONTROL-PANEL,18,1520.0,27360.0,2188.8,29548.8,2025-02-24,ACCT84093639
INV500766,PO100766,V0058,MOTOR-3PH,23,640.0,14720.0,1177.6,15897.6,2025-02-28,ACCT35808537
INV500767,PO100767,V0017,CONVEYOR-BELT,30,310.0,9300.0,744.0,10044.0,2025-02-08,ACCT41227216
INV500768,PO100768,V0044,GEARBOX,40,2100.0,84000.0,6720.0,90720.0,2025-02-20,ACCT91030736
INV500769,PO100769,V0038,BEARING-SET,1,42.5,42.5,3.4,45.9,2025-03-07,ACCT23718431
INV500770,PO100770,V0043,PALLET-WRAP,36,18.75,675.0,54.0,729.0,2025-03-24,ACCT56164955
INV500771,PO100771,V0039,LUBRICANT-DRUM,19,220.0,4180.0,334.4,4514.4,2025-02-08,ACCT22448136
INV500772,PO100772,V0044,BEARING-SET,31,42.5,1317.5,105.4,1422.9,2025-01-09,ACCT91030736
INV500773,PO100773,V0022,CONTROL-PANEL,21,1520.0,31920.0,2553.6,34473.6,2025-04-21,ACCT36687537
INV500774,PO100774,V0018,CONTROL-PANEL,20,1520.0,30400.0,2432.0,32832.0,2025-01-25,ACCT77827638
INV500775,PO100775,V0010,GEARBOX,16,2100.0,33600.0,2688.0,36288.0,2025-04-26,ACCT21668732
INV500776,PO100776,V0004,LUBRICANT-DRUM,26,220.0,5720.0,457.6,6177.6,2025-03-26,ACCT46913810
INV500777,PO100777,V0021,HYDRAULIC-PUMP,2,880.0,1760.0,140.8,1900.8,2025-03-25,ACCT85329037
INV500778,PO100778,V0032,CONTROL-PANEL,17,1520.0,25840.0,2067.2,27907.2,2025-04-27,ACCT66722344
INV500779,PO100779,V0027,MOTOR-3PH,25,640.0,16000.0,1280.0,17280.0,2025-04-05,ACCT70291817
INV500780,PO100780,V0003,LUBRICANT-DRUM,37,220.0,8140.0,651.2,8791.2,2025-04-15,ACCT13356886
INV500781,PO100781,V0013,PALLET-WRAP,15,18.75,281.25,22.5,303.75,2025-03-29,ACCT14265799
INV500782,PO100782,V0035,SENSOR-PROX,23,95.0,2185.0,174.8,2359.8,2025-03-06,ACCT30868105
INV500783,PO938506,V0020,HYDRAULIC-PUMP,36,880.0,31680.0,2534.4,34214.4,2025-01-24,ACCT13561597
INV500784,PO100784,V0007,SENSOR-PROX,9,95.0,855.0,68.4,923.4,2025-04-05,ACCT28728463
INV500785,PO100433,V0053,LUBRICANT-DRUM,9,220.0,1980.0,158.4,2138.4,2025-03-29,ACCT49349722
INV500786,PO100786,V0042,BEARING-SET,15,42.5,637.5,51.0,688.5,2025-02-15,ACCT58181396
INV500787,PO100787,V0015,CONTROL-PANEL,27,1520.0,41040.0,3283.2,44323.2,2025-04-11,ACCT22575562
INV500788,PO100788,V0057,PALLET-WRAP,29,18.75,543.75,43.5,587.25,2025-02-03,ACCT87490893
INV500789,PO100789,V0019,SENSOR-PROX,8,95.0,760.0,60.8,820.8,2025-03-02,ACCT90801586
INV500790,PO100790,V0004,LUBRICANT-DRUM,43,220.0,9460.0,756.8,10216.8,2025-05-01,ACCT46913810
INV500791,PO100791,V0005,SENSOR-PROX,13,95.0,1235.0,98.8,1333.8,2025-03-06,ACCT42868828
INV500792,PO100792,V0008,MOTOR-3PH,34,724.88,24645.92,1971.67,26617.59,2025-02-08,ACCT23756669
INV500793,PO944914,V0056,HYDRAULIC-PUMP,9,880.0,7920.0,633.6,8553.6,2025-01-26,ACCT58537831
INV500794,PO100794,V0027,LUBRICANT-DRUM,30,220.0,6600.0,528.0,7128.0,2025-01-19,ACCT70291817
INV500795,PO100795,V0021,HYDRAULIC-PUMP,6,880.0,5280.0,422.4,5702.4,2025-03-04,ACCT85329037
INV500796,PO100796,V0022,HYDRAULIC-PUMP,22,880.0,19360.0,1548.8,20908.8,2025-03-23,ACCT36687537
INV500797,PO100797,V0001,SENSOR-PROX,18,95.0,1710.0,136.8,1846.8,2025-01-27,ACCT95822412
INV500798,PO100798,V0049,HYDRAULIC-PUMP,37,880.0,32560.0,2604.8,35164.8,2025-04-08,ACCT26753883
INV500799,PO100799,V0011,SENSOR-PROX,6,95.0,570.0,45.6,615.6,2025-01-17,ACCT89254563
INV500800,PO100800,V0040,MOTOR-3PH,28,640.0,17920.0,1433.6,19353.6,2025-02-21,ACCT60992979
INV500801,PO100801,V0028,SENSOR-PROX,26,95.0,2470.0,197.6,2667.6,2025-01-01,ACCT89089901
INV500802,PO100802,V0035,CONVEYOR-BELT,24,310.0,7440.0,595.2,8035.2,2025-01-02,ACCT30868105
INV500803,PO100803,V0058,PALLET-WRAP,34,18.75,637.5,51.0,688.5,2025-01-25,ACCT35808537
INV500804,PO100804,V0002,STEEL-COIL,16,1250.0,20000.0,1600.0,21600.0,2025-01-29,ACCT24942603
INV500805,PO100805,V0045,PALLET-WRAP,20,18.75,375.0,30.0,405.0,2025-01-17,ACCT45503389
INV500806,PO100806,V0007,MOTOR-3PH,33,640.0,21120.0,1689.6,22809.6,2025-03-17,ACCT28728463
INV500807,PO100807,V0020,HYDRAULIC-PUMP,5,880.0,4400.0,352.0,4752.0,2025-04-16,ACCT13561597
INV500808,PO100808,V0003,CONTROL-PANEL,19,1520.0,28880.0,2310.4,31190.4,2025-02-28,ACCT13356886
INV500809,PO100809,V0047,GEARBOX,39,2100.0,81900.0,6552.0,88452.0,2025-03-09,ACCT71662963
INV500810,PO100810,V0022,MOTOR-3PH,9,640.0,5760.0,460.8,6220.8,2025-02-13,ACCT36687537
INV500811,PO100811,V0058,SENSOR-PROX,23,95.0,2185.0,174.8,2359.8,2025-04-07,ACCT35808537
INV500812,PO100812,V0013,HYDRAULIC-PUMP,26,880.0,22880.0,1830.4,24710.4,2025-01-03,ACCT14265799
INV500813,PO100813,V0015,CONVEYOR-BELT,9,310.0,2790.0,223.2,3013.2,2025-01-28,ACCT22575562
INV500814,PO100814,V0047,STEEL-COIL,38,1250.0,47500.0,3800.0,51300.0,2025-03-06,ACCT71662963
INV500815,PO100815,V0011,BEARING-SET,25,42.5,1062.5,85.0,1147.5,2025-04-02,ACCT89254563
INV500816,PO100816,V0025,CONTROL-PANEL,35,1520.0,53200.0,4256.0,57456.0,2025-03-21,ACCT66306997
INV500817,PO100817,V0004,LUBRICANT-DRUM,4,220.0,880.0,70.4,950.4,2025-03-26,ACCT46913810
INV500818,PO100818,V0007,STEEL-COIL,4,1250.0,5000.0,400.0,5400.0,2025-03-30,ACCT28728463
INV500819,PO100819,V0008,MOTOR-3PH,30,640.0,19200.0,1536.0,20736.0,2025-02-18,ACCT23756669
INV500820,PO920070,V0036,CONTROL-PANEL,31,1520.0,47120.0,3769.6,50889.6,2025-03-31,ACCT38898923
INV500821,PO100821,V0014,STEEL-COIL,20,1250.0,25000.0,2000.0,27000.0,2025-02-23,ACCT13999315
INV500822,PO100822,V0043,BEARING-SET,34,49.92,1697.28,135.78,1833.06,2025-02-04,ACCT56164955
INV500823,PO100823,V0045,HYDRAULIC-PUMP,27,880.0,23760.0,1900.8,25660.8,2025-04-17,ACCT45503389
INV500824,PO100824,V0058,BEARING-SET,33,49.88,1646.04,131.68,1777.72,2025-04-03,ACCT35808537
INV500825,PO100825,V0019,BEARING-SET,7,42.5,297.5,23.8,321.3,2025-03-05,ACCT90801586
INV500826,PO100826,V0013,LUBRICANT-DRUM,13,220.0,2860.0,228.8,3088.8,2025-04-10,ACCT14265799
INV500827,PO100827,V0017,GEARBOX,13,2100.0,27300.0,2184.0,29484.0,2025-02-15,ACCT41227216
INV500828,PO100828,V0046,MOTOR-3PH,19,640.0,12160.0,972.8,13132.8,2025-01-21,ACCT15831819
INV500829,PO100829,V0003,GEARBOX,32,2100.0,67200.0,5376.0,72576.0,2025-04-27,ACCT13356886
INV500830,PO100830,V0014,SENSOR-PROX,22,95.0,2090.0,230.13,2320.13,2025-01-31,ACCT13999315
INV500831,PO100831,V0043,BEARING-SET,8,42.5,340.0,45.21,385.21,2025-04-17,ACCT56164955
INV500832,PO100832,V0032,HYDRAULIC-PUMP,6,880.0,5280.0,422.4,5702.4,2025-04-10,ACCT66722344
INV500833,PO100833,V0033,BEARING-SET,7,42.5,297.5,23.8,321.3,2025-04-26,ACCT55667651
INV500834,PO100834,V0017,CONVEYOR-BELT,30,310.0,9300.0,744.0,10044.0,2025-02-07,ACCT41227216
INV500835,PO100835,V0017,SENSOR-PROX,4,95.0,380.0,30.4,410.4,2025-01-13,ACCT41227216
INV500836,PO100836,V0053,HYDRAULIC-PUMP,3,880.0,2640.0,211.2,2851.2,2025-04-20,ACCT49349722
INV500837,PO100837,V0019,PALLET-WRAP,21,18.75,393.75,31.5,425.25,2025-02-24,ACCT90801586
INV500838,PO100838,V0048,BEARING-SET,7,42.5,297.5,23.8,321.3,2025-04-19,ACCT81971316
INV500839,PO100839,V0049,STEEL-COIL,1,1250.0,1250.0,100.0,1350.0,2025-04-20,ACCT26753883
INV500840,PO100840,V0009,HYDRAULIC-PUMP,22,880.0,19360.0,1548.8,20908.8,2025-02-15,ACCT83197857
INV500841,PO100841,V0058,SENSOR-PROX,40,95.0,3800.0,304.0,4104.0,2025-02-04,ACCT35808537
INV500842,PO100842,V0057,BEARING-SET,24,42.5,1020.0,81.6,1101.6,2025-04-15,ACCT87490893
INV500843,PO100843,V0022,HYDRAULIC-PUMP,8,880.0,7040.0,563.2,7603.2,2025-02-21,ACCT36687537
INV500844,PO100844,V0026,SENSOR-PROX,18,95.0,1710.0,136.8,1846.8,2025-04-17,ACCT39587039
INV500845,PO100845,V0025,SENSOR-PROX,29,95.0,2755.0,220.4,2975.4,2025-03-25,ACCT66306997
INV500846,PO100846,V0008,HYDRAULIC-PUMP,4,880.0,3520.0,281.6,3801.6,2025-05-01,ACCT23756669
INV500847,PO100847,V0055,HYDRAULIC-PUMP,7,880.0,6160.0,492.8,6652.8,2025-02-23,ACCT93016315
INV500848,PO100848,V0059,LUBRICANT-DRUM,31,220.0,6820.0,545.6,7365.6,2025-04-13,ACCT19335534
INV500849,PO100849,V0037,SENSOR-PROX,12,95.0,1140.0,91.2,1231.2,2025-03-20,ACCT55176955
INV500850,PO100850,V0025,PALLET-WRAP,40,18.75,750.0,60.0,810.0,2025-01-04,ACCT66306997
INV500851,PO100851,V0056,HYDRAULIC-PUMP,31,880.0,27280.0,2182.4,29462.4,2025-04-28,ACCT58537831
INV500852,PO100852,V0032,BEARING-SET,27,42.5,1147.5,91.8,1239.3,2025-02-26,ACCT66722344
INV500853,PO100853,V0003,BEARING-SET,17,42.5,722.5,57.8,780.3,2025-03-25,ACCT13356886
INV500854,PO100854,V0021,STEEL-COIL,34,1250.0,42500.0,3400.0,45900.0,2025-04-09,ACCT85329037
INV500855,PO100855,V0048,LUBRICANT-DRUM,40,220.0,8800.0,704.0,9504.0,2025-01-29,ACCT81971316
INV500856,PO100856,V0034,GEARBOX,40,2100.0,84000.0,6720.0,90720.0,2025-01-13,ACCT47295260
INV500857,PO100857,V0028,CONVEYOR-BELT,31,310.0,9610.0,768.8,10378.8,2025-02-14,ACCT89089901
INV500858,PO100858,V0043,MOTOR-3PH,10,640.0,6400.0,512.0,6912.0,2025-04-18,ACCT56164955
INV500859,PO100859,V0053,GEARBOX,40,2100.0,84000.0,6720.0,90720.0,2025-01-07,ACCT49349722
INV500860,PO100860,V0001,HYDRAULIC-PUMP,33,1006.59,33217.47,2657.4,35874.87,2025-04-19,ACCT95822412
INV500861,PO100861,V0032,HYDRAULIC-PUMP,5,880.0,4400.0,352.0,4752.0,2025-04-07,ACCT66722344
INV500862,PO100862,V0032,PALLET-WRAP,16,18.75,300.0,24.0,324.0,2025-02-12,ACCT66722344
INV500863,PO100863,V0018,STEEL-COIL,33,1450.12,47853.96,3828.32,51682.28,2025-01-29,ACCT77827638
INV500864,PO100864,V0025,MOTOR-3PH,16,640.0,10240.0,819.2,11059.2,2025-01-11,ACCT66306997
INV500865,PO100865,V0030,SENSOR-PROX,37,95.0,3515.0,281.2,3796.2,2025-02-27,ACCT10872248
INV500866,PO100866,V0006,SENSOR-PROX,29,95.0,2755.0,220.4,2975.4,2025-02-10,ACCT39958838
INV500867,PO100867,V0008,SENSOR-PROX,2,95.0,190.0,15.2,205.2,2025-01-14,ACCT23756669
INV500868,PO100868,V0026,MOTOR-3PH,3,640.0,1920.0,153.6,2073.6,2025-03-13,ACCT39587039
INV500869,PO100869,V0036,STEEL-COIL,6,1250.0,7500.0,600.0,8100.0,2025-04-12,ACCT38898923
INV500870,PO100870,V0039,LUBRICANT-DRUM,20,220.0,4400.0,352.0,4752.0,2025-04-24,ACCT22448136
INV500871,PO100871,V0033,GEARBOX,14,2100.0,29400.0,2352.0,31752.0,2025-03-25,ACCT55667651
INV500872,PO100872,V0043,SENSOR-PROX,22,95.0,2090.0,167.2,2257.2,2025-02-16,ACCT56164955
INV500873,PO100873,V0053,STEEL-COIL,15,1250.0,18750.0,1500.0,20250.0,2025-04-19,ACCT49349722
INV500874,PO100874,V0030,PALLET-WRAP,36,18.75,675.0,54.0,729.0,2025-04-09,ACCT10872248
INV500875,PO100875,V0040,LUBRICANT-DRUM,31,220.0,6820.0,545.6,7365.6,2025-04-02,ACCT98203489
INV500876,PO100876,V0024,SENSOR-PROX,8,95.0,760.0,60.8,820.8,2025-01-13,ACCT83140807
INV500877,PO100877,V0049,CONVEYOR-BELT,1,310.0,310.0,24.8,334.8,2025-02-13,ACCT26753883
INV500878,PO100878,V0023,CONTROL-PANEL,36,1520.0,54720.0,4377.6,59097.6,2025-03-08,ACCT97226012
INV500879,PO100879,V0024,BEARING-SET,3,42.5,127.5,10.2,137.7,2025-04-25,ACCT83140807
INV500880,PO100521,V0021,LUBRICANT-DRUM,1,220.0,220.0,17.6,237.6,2025-04-16,ACCT85329037
INV500881,PO100881,V0007,CONTROL-PANEL,42,1520.0,63840.0,5107.2,68947.2,2025-01-26,ACCT28728463
INV500882,PO100882,V0008,MOTOR-3PH,14,640.0,8960.0,716.8,9676.8,2025-02-28,ACCT23756669
INV500883,PO100883,V0053,CONVEYOR-BELT,22,372.44,8193.68,655.49,8849.17,2025-01-14,ACCT49349722
INV500884,PO100884,V0003,LUBRICANT-DRUM,8,220.0,1760.0,140.8,1900.8,2025-04-09,ACCT13356886
INV500885,PO100885,V0058,SENSOR-PROX,30,110.95,3328.5,266.28,3594.78,2025-03-26,ACCT35808537
INV500886,PO100886,V0033,HYDRAULIC-PUMP,32,880.0,28160.0,2252.8,30412.8,2025-01-01,ACCT55667651
INV500887,PO100548,V0027,LUBRICANT-DRUM,29,220.0,6380.0,510.4,6890.4,2025-04-30,ACCT70291817
INV500888,PO100888,V0054,LUBRICANT-DRUM,31,220.0,6820.0,545.6,7365.6,2025-04-29,ACCT94374605
INV500889,PO100889,V0033,HYDRAULIC-PUMP,38,880.0,33440.0,2675.2,36115.2,2025-01-23,ACCT55667651
INV500890,PO100890,V0047,HYDRAULIC-PUMP,7,880.0,6160.0,492.8,6652.8,2025-02-19,ACCT71662963
INV500891,PO100891,V0043,LUBRICANT-DRUM,39,220.0,8580.0,686.4,9266.4,2025-04-23,ACCT56164955
INV500892,PO100892,V0021,GEARBOX,25,2100.0,52500.0,4200.0,56700.0,2025-02-23,ACCT85329037
INV500893,PO100893,V0039,CONVEYOR-BELT,18,310.0,5580.0,446.4,6026.4,2025-02-20,ACCT22448136
INV500894,PO100894,V0022,CONTROL-PANEL,29,1520.0,44080.0,3526.4,47606.4,2025-04-14,ACCT36687537
INV500895,PO100895,V0009,HYDRAULIC-PUMP,27,880.0,23760.0,1900.8,25660.8,2025-03-19,ACCT83197857
INV500896,PO100896,V0045,GEARBOX,20,2100.0,42000.0,3360.0,45360.0,2025-04-18,ACCT45503389
INV500897,PO996576,V0045,GEARBOX,21,2100.0,44100.0,3528.0,47628.0,2025-04-02,ACCT45503389
INV500898,PO100898,V0060,GEARBOX,14,2100.0,29400.0,2352.0,31752.0,2025-01-26,ACCT16150444
INV500899,PO100899,V0014,LUBRICANT-DRUM,19,220.0,4180.0,334.4,4514.4,2025-03-29,ACCT13999315
INV500900,PO100900,V0023,HYDRAULIC-PUMP,12,880.0,10560.0,844.8,11404.8,2025-03-06,ACCT97226012
INV500901,PO100901,V0035,PALLET-WRAP,8,18.75,150.0,12.0,162.0,2025-04-08,ACCT30868105
INV500902,PO100902,V0023,GEARBOX,31,2100.0,65100.0,5208.0,70308.0,2025-03-16,ACCT97226012
INV500903,PO100903,V0037,MOTOR-3PH,35,640.0,22400.0,1792.0,24192.0,2025-02-06,ACCT55176955
INV500904,PO100904,V0057,MOTOR-3PH,1,640.0,640.0,51.2,691.2,2025-03-08,ACCT87490893
INV500905,PO100905,V0007,STEEL-COIL,26,1250.0,32500.0,2600.0,35100.0,2025-01-19,ACCT28728463
INV500906,PO100906,V0043,STEEL-COIL,13,1250.0,16250.0,1300.0,17550.0,2025-02-04,ACCT56164955
INV500907,PO100907,V0049,HYDRAULIC-PUMP,19,880.0,16720.0,1337.6,18057.6,2025-03-29,ACCT26753883
INV500908,PO100908,V0017,HYDRAULIC-PUMP,4,880.0,3520.0,281.6,3801.6,2025-03-30,ACCT41227216
INV500909,PO100909,V0051,CONTROL-PANEL,14,1520.0,21280.0,1702.4,22982.4,2025-04-07,ACCT20576383
INV500910,PO100910,V0035,STEEL-COIL,23,1250.0,28750.0,2300.0,31050.0,2025-04-15,ACCT30868105
INV500911,PO100911,V0029,BEARING-SET,40,42.5,1700.0,136.0,1836.0,2025-04-22,ACCT47338124
INV500912,PO100912,V0044,GEARBOX,15,2100.0,31500.0,2520.0,34020.0,2025-04-06,ACCT91030736
INV500913,PO100913,V0042,GEARBOX,30,2100.0,63000.0,5040.0,68040.0,2025-01-31,ACCT58181396
INV500914,PO100914,V0051,CONTROL-PANEL,4,1520.0,6080.0,486.4,6566.4,2025-04-29,ACCT20576383
INV500915,PO100915,V0025,MOTOR-3PH,27,640.0,17280.0,1382.4,18662.4,2025-04-11,ACCT66306997
INV500916,PO100015,V0053,SENSOR-PROX,26,95.0,2470.0,197.6,2667.6,2025-01-07,ACCT49349722
INV500917,PO100917,V0048,CONTROL-PANEL,13,1520.0,19760.0,1580.8,21340.8,2025-03-21,ACCT81971316
INV500918,PO100918,V0056,SENSOR-PROX,15,95.0,1425.0,114.0,1539.0,2025-04-27,ACCT58537831
INV500919,PO100919,V0041,PALLET-WRAP,38,18.75,712.5,57.0,769.5,2025-03-11,ACCT22981052
INV500920,PO100920,V0048,LUBRICANT-DRUM,13,220.0,2860.0,228.8,3088.8,2025-04-10,ACCT81971316
INV500921,PO100921,V0047,CONVEYOR-BELT,19,310.0,5890.0,471.2,6361.2,2025-02-27,ACCT71662963
INV500922,PO100922,V0012,BEARING-SET,12,42.5,510.0,40.8,550.8,2025-01-23,ACCT66629388
INV500923,PO100923,V0048,GEARBOX,8,2100.0,16800.0,1344.0,18144.0,2025-02-18,ACCT81971316
INV500924,PO100924,V0003,MOTOR-3PH,18,640.0,11520.0,921.6,12441.6,2025-03-13,ACCT13356886
INV500925,PO100925,V0017,HYDRAULIC-PUMP,11,880.0,9680.0,774.4,10454.4,2025-03-16,ACCT41227216
INV500926,PO100926,V0055,CONTROL-PANEL,1,1520.0,1520.0,121.6,1641.6,2025-02-12,ACCT93016315
INV500927,PO100927,V0030,HYDRAULIC-PUMP,3,880.0,2640.0,211.2,2851.2,2025-01-20,ACCT10872248
INV500928,PO100928,V0060,PALLET-WRAP,39,18.75,731.25,58.5,789.75,2025-01-07,ACCT16150444
INV500929,PO100929,V0050,LUBRICANT-DRUM,20,220.0,4400.0,352.0,4752.0,2025-03-04,ACCT60806024
INV500930,PO100930,V0051,LUBRICANT-DRUM,36,220.0,7920.0,633.6,8553.6,2025-02-15,ACCT20576383
INV500931,PO100931,V0005,PALLET-WRAP,34,18.75,637.5,51.0,688.5,2025-01-29,ACCT42868828
INV500932,PO100932,V0012,GEARBOX,5,2100.0,10500.0,840.0,11340.0,2025-04-11,ACCT66629388
INV500933,PO100933,V0033,HYDRAULIC-PUMP,27,880.0,23760.0,1900.8,25660.8,2025-03-11,ACCT55667651
INV500934,PO100294,V0030,CONTROL-PANEL,11,1520.0,16720.0,1337.6,18057.6,2025-02-14,ACCT10872248
INV500935,PO100935,V0057,CONVEYOR-BELT,22,347.87,7653.14,612.25,8265.39,2025-02-12,ACCT87490893
INV500936,PO100936,V0014,LUBRICANT-DRUM,34,274.85,9344.9,747.59,10092.49,2025-03-02,ACCT13999315
INV500937,PO100937,V0053,STEEL-COIL,8,1250.0,10000.0,800.0,10800.0,2025-03-27,ACCT49349722
INV500938,PO100814,V0047,STEEL-COIL,38,1250.0,47500.0,3800.0,51300.0,2025-04-26,ACCT71662963
INV500939,PO100939,V0040,LUBRICANT-DRUM,16,220.0,3520.0,281.6,3801.6,2025-01-06,ACCT60992979
INV500940,PO100940,V0044,PALLET-WRAP,25,18.75,468.75,37.5,506.25,2025-04-28,ACCT91030736
INV500941,PO100941,V0051,BEARING-SET,25,42.5,1062.5,85.0,1147.5,2025-02-02,ACCT20576383
INV500942,PO100942,V0035,CONTROL-PANEL,2,1520.0,3040.0,243.2,3283.2,2025-04-27,ACCT30868105
INV500943,PO100943,V0034,PALLET-WRAP,33,18.75,618.75,49.5,668.25,2025-04-13,ACCT47295260
INV500944,PO100944,V0033,SENSOR-PROX,32,95.0,3040.0,243.2,3283.2,2025-01-06,ACCT55667651
INV500945,PO100945,V0019,CONVEYOR-BELT,21,310.0,6510.0,520.8,7030.8,2025-03-07,ACCT90801586
INV500946,PO100946,V0006,BEARING-SET,11,42.5,467.5,37.4,504.9,2025-04-09,ACCT39958838
INV500947,PO100947,V0035,GEARBOX,1,2100.0,2100.0,168.0,2268.0,2025-03-22,ACCT30868105
INV500948,PO100948,V0005,CONVEYOR-BELT,14,310.0,4340.0,347.2,4687.2,2025-04-21,ACCT42868828
INV500949,PO100949,V0044,MOTOR-3PH,7,640.0,4480.0,358.4,4838.4,2025-01-27,ACCT91030736
INV500950,PO100950,V0035,MOTOR-3PH,5,640.0,3200.0,256.0,3456.0,2025-04-06,ACCT30868105
INV500951,PO100951,V0044,HYDRAULIC-PUMP,2,880.0,1760.0,140.8,1900.8,2025-02-28,ACCT91030736
INV500952,PO100952,V0046,PALLET-WRAP,3,18.75,56.25,4.5,60.75,2025-01-12,ACCT15831819
INV500953,PO100953,V0005,STEEL-COIL,12,1250.0,15000.0,1200.0,16200.0,2025-04-12,ACCT42868828
INV500954,PO100954,V0017,GEARBOX,5,2100.0,10500.0,840.0,11340.0,2025-03-15,ACCT41227216
INV500955,PO100955,V0053,CONVEYOR-BELT,17,310.0,5270.0,421.6,5691.6,2025-02-22,ACCT49349722
INV500956,PO100956,V0025,SENSOR-PROX,26,95.0,2470.0,197.6,2667.6,2025-02-25,ACCT66306997
INV500957,PO100957,V0021,STEEL-COIL,25,1250.0,31250.0,2500.0,33750.0,2025-03-28,ACCT85329037
INV500958,PO100958,V0008,GEARBOX,1,2100.0,2100.0,168.0,2268.0,2025-03-24,ACCT23756669
INV500959,PO100959,V0047,LUBRICANT-DRUM,5,220.0,1100.0,88.0,1188.0,2025-04-07,ACCT71662963
INV500960,PO100960,V0048,LUBRICANT-DRUM,3,220.0,660.0,52.8,712.8,2025-03-31,ACCT81971316
INV500961,PO100961,V0055,BEARING-SET,23,42.5,977.5,78.2,1055.7,2025-04-29,ACCT93016315
INV500962,PO100962,V0033,BEARING-SET,19,42.5,807.5,64.6,872.1,2025-04-11,ACCT55667651
INV500963,PO100963,V0044,CONTROL-PANEL,42,1520.0,63840.0,5107.2,68947.2,2025-01-12,ACCT91030736
INV500964,PO100964,V0049,SENSOR-PROX,25,95.0,2375.0,190.0,2565.0,2025-02-20,ACCT26753883
INV500965,PO100965,V0053,STEEL-COIL,31,1250.0,38750.0,3100.0,41850.0,2025-01-21,ACCT49349722
INV500966,PO100966,V0035,CONVEYOR-BELT,9,310.0,2790.0,223.2,3013.2,2025-04-06,ACCT30868105
INV500967,PO100967,V0026,GEARBOX,19,2100.0,39900.0,3192.0,43092.0,2025-03-23,ACCT39587039
INV500968,PO100968,V0010,CONTROL-PANEL,29,1520.0,44080.0,3526.4,47606.4,2025-01-02,ACCT21668732
INV500969,PO100969,V0056,GEARBOX,10,2100.0,21000.0,1680.0,22680.0,2025-01-16,ACCT58537831
INV500970,PO100970,V0003,STEEL-COIL,37,1250.0,46250.0,3700.0,49950.0,2025-03-18,ACCT13356886
INV500971,PO100971,V0026,GEARBOX,36,2100.0,75600.0,6048.0,81648.0,2025-01-11,ACCT39587039
INV500972,PO100972,V0020,CONVEYOR-BELT,23,351.08,8074.84,645.99,8720.83,2025-01-28,ACCT13561597
INV500973,PO100973,V0042,GEARBOX,10,2100.0,21000.0,1680.0,22680.0,2025-01-21,ACCT58181396
INV500974,PO100974,V0012,CONVEYOR-BELT,40,310.0,12400.0,992.0,13392.0,2025-04-17,ACCT66629388
INV500975,PO100975,V0017,CONVEYOR-BELT,8,310.0,2480.0,198.4,2678.4,2025-01-24,ACCT41227216
INV500976,PO100976,V0043,LUBRICANT-DRUM,4,220.0,880.0,70.4,950.4,2025-04-19,ACCT56164955
INV500977,PO100977,V0049,GEARBOX,30,2100.0,63000.0,5040.0,68040.0,2025-03-24,ACCT26753883
INV500978,PO100978,V0036,BEARING-SET,19,42.5,807.5,64.6,872.1,2025-03-27,ACCT38898923
INV500979,PO100979,V0005,CONTROL-PANEL,7,1520.0,10640.0,851.2,11491.2,2025-01-26,ACCT42868828
INV500980,PO100980,V0047,LUBRICANT-DRUM,32,220.0,7040.0,563.2,7603.2,2025-02-12,ACCT71662963
INV500981,PO100981,V0023,HYDRAULIC-PUMP,16,880.0,14080.0,1126.4,15206.4,2025-01-13,ACCT97226012
INV500982,PO100982,V0019,LUBRICANT-DRUM,5,220.0,1100.0,88.0,1188.0,2025-04-26,ACCT90801586
INV500983,PO100983,V0013,PALLET-WRAP,32,18.75,600.0,48.0,648.0,2025-02-27,ACCT14265799
INV500984,PO100984,V0022,LUBRICANT-DRUM,20,220.0,4400.0,352.0,4752.0,2025-03-30,ACCT36687537
INV500985,PO100985,V0038,HYDRAULIC-PUMP,37,880.0,32560.0,2604.8,35164.8,2025-03-14,ACCT23718431
INV500986,PO100986,V0024,PALLET-WRAP,28,18.75,525.0,42.0,567.0,2025-01-22,ACCT83140807
INV500987,PO100987,V0001,PALLET-WRAP,16,18.75,300.0,24.0,324.0,2025-04-11,ACCT95822412
INV500988,PO100988,V0015,MOTOR-3PH,18,640.0,11520.0,921.6,12441.6,2025-04-18,ACCT22575562
INV500989,PO100989,V0024,HYDRAULIC-PUMP,22,880.0,19360.0,1548.8,20908.8,2025-04-23,ACCT83140807
INV500990,PO100990,V0031,SENSOR-PROX,32,95.0,3040.0,243.2,3283.2,2025-02-15,ACCT31429110
INV500991,PO100991,V0032,GEARBOX,7,2100.0,14700.0,1176.0,15876.0,2025-01-23,ACCT66722344
INV500992,PO100366,V0060,LUBRICANT-DRUM,38,220.0,8360.0,668.8,9028.8,2025-04-18,ACCT16150444
INV500993,PO100993,V0055,HYDRAULIC-PUMP,35,880.0,30800.0,2464.0,33264.0,2025-01-26,ACCT93016315
INV500994,PO100994,V0017,BEARING-SET,5,42.5,212.5,17.0,229.5,2025-04-25,ACCT41227216
INV500995,PO100995,V0002,GEARBOX,2,2100.0,4200.0,336.0,4536.0,2025-04-15,ACCT24942603
INV500996,PO100996,V0038,LUBRICANT-DRUM,26,256.96,6680.96,534.48,7215.44,2025-04-09,ACCT23718431
INV500997,PO100997,V0059,STEEL-COIL,36,1250.0,45000.0,3600.0,48600.0,2025-02-03,ACCT19335534
INV500998,PO100978,V0036,BEARING-SET,19,42.5,807.5,64.6,872.1,2025-03-25,ACCT38898923
INV500999,PO100999,V0010,PALLET-WRAP,26,18.75,487.5,39.0,526.5,2025-01-29,ACCT21668732
